Código;Status;Categoria;Tag;Data;Frase-chave de foco;Título;Título SEO;Link;Atualizado
1;Publicado;Análises bi e multivariadas;pressupostos estatísticos;07/08/2024;teste de Shapiro-Wilk;O que é o teste de Shapiro-Wilk?;Teste de Shapiro-Wilk: o que é, para que serve e como interpretar?;https://www.blog.psicometriaonline.com.br/o-que-e-o-teste-de-shapiro-wilk/;ok
2;Publicado;Análises bi e multivariadas;regressão;26/03/2025;regressão linear simples;O que é regressão linear simples?;Regressão linear simples: um guia completo!;https://www.blog.psicometriaonline.com.br/o-que-e-regressao-linear-simples/;ok
3;Publicado;Análises bi e multivariadas;regressão;28/05/2025;regressão linear múltipla;O que é regressão linear múltipla?;Regressão linear múltipla: um guia completo!;https://www.blog.psicometriaonline.com.br/o-que-e-regressao-linear-multipla/;ok
4;Publicado;Análises bi e multivariadas;correlação;11/07/2024;correlação de Pearson;O que é correlação de Pearson?;Correlação de Pearson: o que é e como interpretar?;https://www.blog.psicometriaonline.com.br/o-que-e-correlacao-de-pearson/;ok
5;Publicado;Análises bi e multivariadas;correlação;11/07/2024;correlação de Spearman;O que é correlação de Spearman?;Correlação de Spearman: O que é e como interpretar?;https://www.blog.psicometriaonline.com.br/o-que-e-correlacao-de-spearman/;ok
6;Publicado;Análises bi e multivariadas;estatística descritiva;11/07/2024;coeficiente de variação;O que é o coeficiente de variação;Coeficiente de variação: o que significa e como interpretar?;https://www.blog.psicometriaonline.com.br/coeficiente-de-variacao/;ok
7;Publicado;Metodologia científica;desenhos experimentais;04/07/2024;variáveis independentes e dependentes;O que são variáveis independentes e dependentes?;Variáveis independentes vs. dependentes: entenda a diferença;https://www.blog.psicometriaonline.com.br/o-que-sao-variaveis-independentes-e-dependentes/;ok
8;Publicado;Revisões da literatura;tipos de revisão;26/03/2025;revisão de escopo;O que é uma revisão de escopo;Revisão de escopo: O que é e para que serve?;https://www.blog.psicometriaonline.com.br/o-que-e-uma-revisao-de-escopo/;ok
9;Publicado;Análises bi e multivariadas;estatística descritiva;12/07/2024;medidas de tendência central;Medidas de tendência central: média, mediana e moda;O que são medidas de tendência central? Média, mediana e moda;https://www.blog.psicometriaonline.com.br/medidas-de-tendencia-central-media-mediana-e-moda/;ok
10;Publicado;Análises bi e multivariadas;estatística descritiva;12/07/2024;estatística descritiva e estatística inferencial;Estatística descritiva e estatística inferencial: entenda as diferenças;Estatística descritiva e estatística inferencial: entenda as diferenças;https://www.blog.psicometriaonline.com.br/estatistica-descritiva-e-estatistica-inferencial-o-que-sao-e-quais-as-diferencas/;ok
11;Publicado;Análises bi e multivariadas;teste t e anova;25/11/2024;teste t de Student;Teste t de Student;Teste t de Student: O que é e quais são os tipos?;https://www.blog.psicometriaonline.com.br/teste-t-de-student/;ok
12;Publicado;Tutoriais;tutorial no SPSS;06/08/2024;como testar a normalidade da amostra;Como testar a normalidade da amostra com os testes de Kolmogorov-Smirnov e de Shapiro-Wilk?;Como testar a normalidade dos dados no SPSS? Um tutorial;https://www.blog.psicometriaonline.com.br/como-testar-a-normalidade-da-amostra-com-kolgomorov-smirnov-e-shapiro-wilk/;ok
13;Publicado;Análises bi e multivariadas;pressupostos estatísticos;12/12/2024;assimetria e curtose;Assimetria e curtose: um guia completo;Assimetria e curtose: entendendo os conceitos;https://www.blog.psicometriaonline.com.br/assimetria-e-curtose-um-guia-completo/;ok
14;Publicado;Tutoriais;tutorial no SPSS, dados categóricos;19/07/2024;teste exato de Fisher;Teste exato de Fisher: o que é, quando usar e como calcular?;O que é o teste exato de Fisher? Um guia completo;https://www.blog.psicometriaonline.com.br/teste-exato-de-fisher/;ok
15;Publicado;Análises bi e multivariadas;pressupostos estatísticos;25/6/2025;o que é multicolinearidade;O que é multicolinearidade, como identificar e como lidar?;O que é multicolinearidade? Aprenda como identificar e como lidar;https://www.blog.psicometriaonline.com.br/o-que-e-multicolinearidade/;ok
16;Publicado;Metodologia científica;desenhos experimentais, desenhos correlacionais;17/07/2024;pesquisa experimental e pesquisa correlacional;Pesquisa experimental e pesquisa correlacional: definições, diferenças e exemplos;Pesquisa experimental e pesquisa correlacional: o que são?;https://www.blog.psicometriaonline.com.br/metodo-de-pesquisa-correlacional-e-experimental/;ok
17;Publicado;Análises bi e multivariadas;tamanho de efeito;14/01/2025;tamaho de efeito;O que é tamanho de efeito?;Tamanho de efeito: o que é e quais são as principais medidas?;https://www.blog.psicometriaonline.com.br/o-que-e-tamanho-de-efeito/;ok
18;Publicado;Análises bi e multivariadas;estatística descritiva;03/07/2024;desvio-padrão e erro-padrão;Qual é a diferença entre desvio-padrão e erro-padrão?;Desvio-padrão e erro-padrão: qual a diferença entre eles?;https://www.blog.psicometriaonline.com.br/a-diferenca-entre-desvio-padrao-e-erro-padrao/;ok
19;Publicado;Análises bi e multivariadas;mediação e moderação;15/1/2025;mediação e moderação;Análise de mediação e moderação: definições e diferenças;Análises de mediação e de moderação: uma introdução amigável;https://www.blog.psicometriaonline.com.br/analise-de-mediacao-e-moderacao-definicoes-e-diferencas/;ok
20;Publicado;Análises bi e multivariadas;pressupostos estatísticos;26/3/2025;teste de Levene;Teste de Levene;Teste de Levene: o que é e para que serve?;https://www.blog.psicometriaonline.com.br/teste-de-levene/;ok
21;Publicado;Análises bi e multivariadas;regressão;27/3/2025;coeficiente de determinação;Entenda o que é o coeficiente de determinação na regressão linear;Coeficiente de determinação da regressão linear: o que é?;https://www.blog.psicometriaonline.com.br/entenda-o-que-e-o-coeficiente-de-determinacao-na-regressao-linear/;ok
22;Publicado;Softwares;análise de dados;18/07/2024;JASP;JASP: um software gratuito para fazer análise de dados;JASP: um programa para para análises frequentistas e bayesianas;https://www.blog.psicometriaonline.com.br/jasp-um-software-gratuito-para-fazer-analise-de-dados/;ok
23;Publicado;Análises bi e multivariadas;teste de hipótese;17/07/2024;graus de liberdade;O que são graus de liberdade?;Graus de liberdade: Entenda o conceito com exemplos simples;https://www.blog.psicometriaonline.com.br/o-que-sao-graus-de-liberdade/;ok
24;Publicado;Análises bi e multivariadas;teste t e anova;5/22/2025;teste post hoc;O que é um teste post hoc?;Teste post hoc: o que é e qual utilizar?;https://www.blog.psicometriaonline.com.br/o-que-e-um-teste-post-hoc/;ok
25;Publicado;Análises bi e multivariadas;tamanho de efeito;01/12/2024;d de Cohen;Entendendo o d de Cohen;d de Cohen: o que é, como calcular e como interpretar?;https://www.blog.psicometriaonline.com.br/d-de-cohen/;ok
26;Publicado;Análises bi e multivariadas;pressupostos estatísticos;06/08/2024;distribuição normal;O que é distribuição normal?;Distribuição normal: o que é e quais são suas utilidades?;https://www.blog.psicometriaonline.com.br/distribuicao-normal/;ok
27;Publicado;Fidedignidade e validade;índices de validade;4/28/2025;índices de validade de conteúdo;Compreendendo os índices de validade de conteúdo;Índices de validade de conteúdo: o que você precisa saber;https://www.blog.psicometriaonline.com.br/compreendendo-os-indices-de-validade-de-conteudo/;ok
28;Publicado;Fidedignidade e validade;fidedignidade e concordância, tutorial no spss;23/1/2025;kappa de Cohen;O que é o coeficiente kappa de Cohen?;Coeficiente kappa de Cohen: Tutorial no SPSS;https://www.blog.psicometriaonline.com.br/kappa-de-cohen/;ok
29;Publicado;Análises bi e multivariadas;teste t e anova;16/1/2025;comparação entre grupos;Comparação entre grupos: quando utilizar o teste t de amostras independentes e análise de variância (ANOVA)?;Comparação entre grupos: quando usar teste t e ANOVA?;https://www.blog.psicometriaonline.com.br/quando-utilizar-o-teste-t-de-amostras-independentes-e-analise-de-variancia-anova/;ok
30;Publicado;Análises bi e multivariadas;correlação;10/07/2024;o que é correlação;O que é correlação?;O que é correlação? Descomplicando o conceito;https://www.blog.psicometriaonline.com.br/o-que-e-correlacao/;ok
31;Publicado;Análises bi e multivariadas;estatística descritiva;16/07/2024;medidas de dispersão;Medidas de dispersão: amplitude, a variância e o desvio padrão;Quais são as medidas de dispersão? Exemplos e como calcular;https://www.blog.psicometriaonline.com.br/medidas-de-dispersao-amplitude-a-variancia-e-o-desvio-padrao/;ok
32;Publicado;Fidedignidade e validade;fidedignidade e concordância, fontes de validade;15/3/2025;fidedignidade e validade;Qual a diferença entre fidedignidade e validade de um teste;Fidedignidade e validade: qual é a diferença?;https://www.blog.psicometriaonline.com.br/qual-a-diferenca-entre-fidedignidade-e-validade-de-um-teste/;ok
33;Publicado;Revisões da literatura;ferramentas de escrita e revisão;03/09/2024;estratégia PICO;Estudos de revisão sistemática: o uso da estratégia PICO;Estratégia PICO aplicada a revisões sistemáticas;https://www.blog.psicometriaonline.com.br/estudos-de-revisao-sistematica-o-uso-da-estrategia-pico/;ok
34;Publicado;Análises bi e multivariadas;pressupostos estatísticos;23/6/2025;homocedasticidade na regressão linear;O que é homoscedasticidade na regressão linear?;Homocedasticidade na regressão linear: o que é e como detectar?;https://www.blog.psicometriaonline.com.br/como-verificar-a-homogeneidade-de-variancia-na-regressao-linear/;ok
35;Publicado;Tutoriais;teste t e anova, tutorial no JASP;26/2/2025;análise de variância no JASP;Como realizar a análise de variância (ANOVA) no JASP?;Análise de variância no JASP: como executar?;https://www.blog.psicometriaonline.com.br/tutorial-quando-e-como-utilizar-analise-de-variancia-anova/;ok
36;Publicado;Fidedignidade e validade;índices de validade;4/28/2025;índice de validade de conteúdo;Índice de validade de conteúdo;Índice de validade de conteúdo: o que é e como calcular?;https://www.blog.psicometriaonline.com.br/indice-de-validade-de-conteudo/;ok
37;Publicado;Análise fatorial;análise fatorial confirmatória;5/21/2025;análise fatorial confirmatória;Análise fatorial confirmatória;Análise fatorial confirmatória;https://www.blog.psicometriaonline.com.br/analise-fatorial-confirmatoria-2/;ok
38;Publicado;TRI;modelos de TRI;13/11/2024;teoria de resposta ao item;O que é Teoria de Resposta ao Item (TRI) e quais os principais modelos;Teoria de Resposta ao Item: o que é e quais são seus principais modelos?;https://www.blog.psicometriaonline.com.br/o-que-e-teoria-de-resposta-ao-item-tri-e-quais-os-principais-modelos/;ok
39;Publicado;Softwares;análise de dados;02/10/2024;IRaMuTeQ;Análise textual: o software IRaMuTeQ;IRaMuTeQ: um software gratuito para análise de dados textuais;https://www.blog.psicometriaonline.com.br/analise-textual-o-software-iramuteq/;ok
40;Publicado;Fidedignidade e validade;fontes de validade;22/1/2025;validade de construto;O que é validade de construto?;Validade de construto: conheça esse conceito;https://www.blog.psicometriaonline.com.br/validade-de-construto/;ok
41;Publicado;Análises bi e multivariadas;correlação;22/05/2025;correlação tau de Kendall;O que é correlação tau de Kendall?;Correlação tau de Kendall: o que é e como interpretar?;https://www.blog.psicometriaonline.com.br/o-que-e-correlacao-tau-de-kendall/;ok
42;Publicado;Análises bi e multivariadas;teste de hipótese;22/1/2025;correção de Bonferroni;O que é correção de Bonferroni?;Correção de Bonferroni: o que é e como calcular?;https://www.blog.psicometriaonline.com.br/correcao-bonferroni/;ok
43;Publicado;Fidedignidade e validade;fontes de validade;19/3/2025;validade de testes psicológicos;Validade dos testes psicológicos;Validade dos testes psicológicos: entenda a importância;https://www.blog.psicometriaonline.com.br/validade-dos-testes-psicologicos/;ok
44;Publicado;Instrumentos de autorrelato;normatização;13/12/2024;dados normativos;Dados normativos: o que são escores percentílicos e escores padronizados?;Dados normativos: entenda os percentis e o escore z;https://www.blog.psicometriaonline.com.br/dados-normativos-escores-percentilicos-e-escores-padronizados/;ok
45;Publicado;Análises bi e multivariadas;tamanho de efeito;5/19/2025;eta ao quadrado;Tamanho do efeito para a ANOVA: eta ao quadrado;Eta ao quadrado: o que é e como interpretar?;https://www.blog.psicometriaonline.com.br/eta-ao-quadrado/;ok
46;Publicado;Análises bi e multivariadas;teste t e anova;28/1/2025;teste;Conheça o teste z, o teste t e o teste F;Teste z, teste t e teste F: entenda seus diferentes usos;https://www.blog.psicometriaonline.com.br/conheca-o-teste-z-o-teste-t-e-o-teste-f/;ok
47;Publicado;Tutoriais;tutorial no JASP, correlação;29/08/2024;correlações no JASP;Como executar correlações no JASP? Pearson, Spearman e Kendall;Correlações no JASP: um tutorial de como solicitar as análises;https://www.blog.psicometriaonline.com.br/como-executar-correlacoes-no-jasp-pearson-spearman-e-kendall;ok
48;Publicado;Análises bi e multivariadas;tamanho de efeito, dados categóricos;07/08/2024;coeficiente phi e V de Cramér;Medidas de associação: coeficiente phi e V de Cramér;Coeficiente phi e V de Cramér: conheça essas medidas;https://www.blog.psicometriaonline.com.br/medidas-de-associacao-coeficiente-phi-e-v-de-cramer/;ok
49;Publicado;Análise fatorial;análise fatorial exploratória;16/04/2025;o que é análise fatorial exploratória;O que é análise fatorial exploratória?;Análise fatorial exploratória: entenda a técnica;https://www.blog.psicometriaonline.com.br/o-que-e-analise-fatorial-exploratoria/;ok
50;Publicado;Metodologia científica;planejamento de pesquisa;25/11/2024;população e amostra;Entenda o que é População, Amostragem, Amostra e Censo;População e amostra: entenda esses conceitos fundamentais;https://www.blog.psicometriaonline.com.br/entenda-o-que-e-populacao-amostragem-amostra-e-censo/;ok
51;Publicado;Análises bi e multivariadas;testes não paramétricos;1/3/2025;testes não paramétricos;O que são testes não paramétricos?;O que são testes não paramétricos?;https://www.blog.psicometriaonline.com.br/testes-nao-parametricos/;ok
52;Publicado;Tutoriais;fidedignidade e concordância, tutorial no JASP;26/6/2025;ômega de McDonald;Como calcular o alfa de Cronbach e o ômega de McDonald;Alfa de Cronbach e ômega de McDonald no JASP;https://www.blog.psicometriaonline.com.br/como-calcular-o-alfa-de-cronbach-e-o-omega-de-mcdonald-no-jasp/;ok
53;Publicado;Geral;disciplinas;18/11/2024;o que é psicometria;O que é psicometria?;O que é psicometria?;https://www.blog.psicometriaonline.com.br/o-que-e-psicometria/;ok
54;Publicado;Tutoriais;tutorial no SPSS;07/10/2024;teste t para amostras pareadas no SPSS;Como fazer o teste t para amostras pareadas no SPSS?;Teste t para amostras pareadas no SPSS: um tutorial;https://www.blog.psicometriaonline.com.br/tutorial-teste-t-para-amostras-pareadas-no-spss/;ok
55;Publicado;Fidedignidade e validade;fidedignidade e concordância, gráficos;2/1/2025;gráfico de Bland-Altman;O que é o gráfico de Bland-Altman?;Gráfico de Bland-Altman: o que é e como interpretar?;https://www.blog.psicometriaonline.com.br/o-que-e-o-grafico-de-bland-altman/;ok
56;Publicado;Modelos lineares generalizados;regressão;6/2/2025;regressão de Poisson;O que é regressão de Poisson?;Regressão de Poisson: modelo aplicado para dados de contagem;https://www.blog.psicometriaonline.com.br/o-que-e-regressao-de-poisson/;ok
57;Publicado;Modelos lineares generalizados;regressão;26/6/2025;tipos de regressão logística;Diferença entre as regressões logísticas: binária, ordinal e multinomial;Tipos de regressão logística: conheça os principais;https://www.blog.psicometriaonline.com.br/diferenca-entre-as-regressoes-logisticas-binaria-ordinal-e-multinomial/;ok
58;Publicado;Análises bi e multivariadas;testes não paramétricos;20/12/2024;testes não paramétricos para comparação;Testes não paramétricos para comparação entre grupos;Testes não paramétricos para comparação entre grupos;https://www.blog.psicometriaonline.com.br/testes-nao-parametricos-para-comparacao-entre-grupos/;ok
59;Publicado;Revisões da literatura;bases de dados;6/5/2025;PEDro;Um Guia Completo sobre a PEDro: Physiotherapy Evidence Database;Physiotherapy Evidence Database (PEDro): um guia completo;https://www.blog.psicometriaonline.com.br/um-guia-completo-sobre-a-pedro-physiotherapy-evidence-database/;ok
60;Publicado;Metodologia científica;estudos epidemiológicos;28/07/2025;modelo de regressão do joinpoint;Séries temporais: modelo de regressão do joinpoint;Modelo de regressão do joinpoint: o que é?;https://www.blog.psicometriaonline.com.br/series-temporais-modelo-de-regressao-do-joinpoint/;ok
61;Publicado;Tutoriais;fidedignidade e concordância, tutorial no SPSS;30/6/2025;kappa de Fleiss;O que é kappa de Fleiss?;Kappa de Fleiss: o que é, como executar e como interpretar?;https://www.blog.psicometriaonline.com.br/kappa-de-fleiss/;ok
62;Publicado;Análises bi e multivariadas;testes não paramétricos;04/12/2024;teste de Wilcoxon;O que é teste de Wilcoxon?;Teste de Wilcoxon: o que é e quando usar?;https://www.blog.psicometriaonline.com.br/teste-de-wilcoxon/;ok
63;Publicado;Análises bi e multivariadas;teste de hipótese;08/10/2024;poder estatístico;Qual a importância do poder estatístico?;Poder estatístico: Definição, determinantes e importância;https://www.blog.psicometriaonline.com.br/qual-a-importancia-do-poder-estatistico/;ok
64;Publicado;Tutoriais;correlação, tutorial no SPSS;23/07/2024;correlação ponto-bisserial;O que é e como executar a correlação ponto-bisserial no SPSS?;Correlação ponto-bisserial: o que é, como fazer e como interpretar?;https://www.blog.psicometriaonline.com.br/o-que-e-correlacao-ponto-bisserial/;ok
65;Publicado;Análise fatorial;análise fatorial exploratória;5/7/2025;análise fatorial exploratória;Análise fatorial exploratória: o que é, para que serve e os principais procedimentos;Análise fatorial exploratória: uma introdução;https://www.blog.psicometriaonline.com.br/analise-fatorial-exploratoria-o-que-e-para-que-serve-e-como-e-realizada/;ok
66;Publicado;Tutoriais;tutorial no SPSS;2/10/2024;teste t para amostras independentes no SPSS;Como fazer o teste t para amostras independentes no SPSS?;Teste t para amostras independentes no SPSS: um tutorial;https://www.blog.psicometriaonline.com.br/como-executar-teste-t-para-amostras-independentes/;ok
67;Publicado;Softwares;análise de dados;6/17/2025;FACTOR;Você precisa conhecer o FACTOR;FACTOR: um software para análise fatorial exploratória;https://www.blog.psicometriaonline.com.br/voce-precisa-conhecer-o-factor/;ok
68;Publicado;Análises bi e multivariadas;dados categóricos;5/21/2025;teste Q de Cochran;O que é o teste Q de Cochran?;Teste Q de Cochran: o que é e quando usar?;https://www.blog.psicometriaonline.com.br/teste-q-de-cochran/;ok
69;Publicado;Análises bi e multivariadas;pressupostos estatísticos;13/2/2025;pressupostos da análise de variância;Como lidar com os pressupostos da análise de variância (ANOVA)?;Pressupostos da análise de variância: como lidar com violações?;https://www.blog.psicometriaonline.com.br/pressupostos-da-analise-de-variancia-anova/;ok
70;Publicado;Análises bi e multivariadas;regressão;27/3/2025;o que é regressão linear;O que é regressão linear?;O que é regressão linear e quais são seus principais tipos?;https://www.blog.psicometriaonline.com.br/o-que-e-regressao-linear/;ok
71;Publicado;Análises bi e multivariadas;teste t e anova;11/2/2025;ANOVA e ANCOVA;Quando usar ANOVA e ANCOVA?;ANOVA e ANCOVA: diferenças e quando usar cada análise?;https://www.blog.psicometriaonline.com.br/quando-usar-anova-e-ancova/;ok
72;Publicado;Análises bi e multivariadas;testes não paramétricos;06/12/2024;teste U de Mann-Whitney;O que é o teste U de Mann-Whitney?;Teste U de Mann-Whitney;https://www.blog.psicometriaonline.com.br/teste-u-de-mann-whitney/;ok
73;Publicado;Fidedignidade e validade;fidedignidade e concordância;06/01/2025;fidedignidade teste-reteste;O que é fidedignidade teste-reteste?;Fidedignidade teste-reteste: entenda esse conceito;https://www.blog.psicometriaonline.com.br/o-que-e-fidedignidade-de-teste-reteste/;ok
74;Publicado;Análises bi e multivariadas;pressupostos estatísticos;16/12/2024;método bootstrap;Reamostragem e o método bootstrap;O que é o método bootstrap em estatística?;https://www.blog.psicometriaonline.com.br/reamostragem-e-o-metodo-bootstrap/;ok
75;Publicado;Análise fatorial;análise fatorial exploratória, redução de dimensionalidade;17/4/2025;análise fatorial e análise de componentes principais;Análise fatorial e análise de componentes principais: diferenças e quando usar;Análise fatorial e análise de componentes principais;https://www.blog.psicometriaonline.com.br/analise-fatorial-e-analise-de-componentes-principais-diferencas-e-quando-usar/;ok
76;Publicado;Metodologia científica;planejamento de pesquisa;16/9/2024;pergunta norteadora de pesquisa;Dicas para elaboração da pergunta norteadora de pesquisa;Pergunta norteadora de pesquisa: dicas de como elaborá-la;https://www.blog.psicometriaonline.com.br/dicas-para-elaboracao-da-pergunta-norteadora-de-pesquisa/;ok
77;Publicado;Tutoriais;tutorial no SPSS, gráficos;11/12/2024;boxplot;Como criar e interpretar um boxplot no SPSS?;Boxplot: o que é, como interpretá-lo e como criá-lo no SPSS?;https://www.blog.psicometriaonline.com.br/boxplot-como-criar-no-spss-e-como-interpretar/;ok
78;Publicado;Tutoriais;tutorial no R;07/07/2024;qui-quadrado de independência no R;Como fazer o teste qui-quadrado de independência no R?;Qui-quadrado de independência no R: tutorial passo a passo;https://www.blog.psicometriaonline.com.br/teste-qui-quadrado-de-independencia-no-r/;ok
79;Publicado;Fidedignidade e validade;fontes de validade;2/4/2025;validade baseada nas relações com medidas externas;Validade baseada nas relações com medidas externas;Validade baseada nas relações com medidas externas;https://www.blog.psicometriaonline.com.br/validade-baseada-nas-relacoes-com-medidas-externas/;ok
80;Publicado;Análises bi e multivariadas;estatística descritiva, gráficos;17/07/2024;escolher o gráfico;Como escolher o gráfico certo para seus dados?;Como escolher o gráfico certo para apresentar seus resultados?;https://www.blog.psicometriaonline.com.br/como-escolher-o-grafico-certo-para-seus-dados/;ok
81;Publicado;Análise fatorial;análise fatorial confirmatória;5/29/2025;SRMR e a RMSEA;Como interpretar o SRMR e o RMSEA em uma análise fatorial confirmatória?;Como interpretar a SRMR e o RMSEA na AFC?;https://www.blog.psicometriaonline.com.br/como-interpretar-o-srmr-e-o-rmsea-em-uma-analise-fatorial-confirmatoria/;ok
82;Publicado;Modelos lineares generalizados;regressão;13/7/2025;regressão de Cox;O que é regressão de Cox?;Regressão de Cox: conheça essa técnica;https://www.blog.psicometriaonline.com.br/o-que-e-regressao-de-cox/;ok
83;Publicado;Tutoriais;tutorial no SPSS;07/08/2024;teste qui-quadrado de independência no SPSS;Como fazer o teste qui-quadrado de independência no SPSS?;Qui-quadrado de independência no SPSS: tutorial passo a passo;https://www.blog.psicometriaonline.com.br/teste-qui-quadrado-de-independencia-no-spss/;ok
84;Publicado;Análise fatorial;análise fatorial confirmatória, análise fatorial exploratória;5/8/2025;qual análise fatorial usar;Exploratória ou confirmatória: qual análise fatorial usar?;Qual análise fatorial usar: exploratória ou confirmatória?;https://www.blog.psicometriaonline.com.br/exploratoria-ou-confirmatoria-qual-analise-fatorial-usar/;ok
85;Publicado;Tutoriais;tutorial no SPSS, dados categóricos;13/09/2024;teste de McNemar;Teste de McNemar: o que é e quando usar?;Teste de McNemar: o que é e quando usar?;https://www.blog.psicometriaonline.com.br/teste-de-mcnemar-quando-usar/;ok
86;Publicado;Fidedignidade e validade;fontes de validade;2/4/2025;validade de conteúdo;Validade baseada no conteúdo;Validade de conteúdo: entenda essa fonte de validade;https://www.blog.psicometriaonline.com.br/validade-de-conteudo/;ok
87;Publicado;Análises bi e multivariadas;teste t e anova;18/2/2025;análise multivariada de variância;O que é análise multivariada de variância (MANOVA)?;O que é análise multivariada de variância (MANOVA)?;https://www.blog.psicometriaonline.com.br/analise-multivariada-de-variancia-manova/;ok
88;Publicado;Modelos lineares generalizados;regressão;27/6/2025;modelos lineares e modelos lineares generalizados;Diferenças entre modelos lineares e modelos lineares generalizados (GLMs);Modelos lineares e modelos lineares generalizados;https://www.blog.psicometriaonline.com.br/diferencas-entre-modelos-lineares-e-modelos-lineares-generalizados-glms/;
89;Publicado;Análises bi e multivariadas;teste t e anova;10/2/2025;análise de variância;O que é análise de variância (ANOVA)?;Análise de variância (ANOVA): conheça a técnica;https://www.blog.psicometriaonline.com.br/analise-de-variancia-anova/;ok
90;Publicado;Tutoriais;tutorial no spss, testes não paramétricos;04/12/2024;teste de Wilcoxon no SPSS;Como executar o teste de Wilcoxon no SPSS?;Teste de Wilcoxon no SPSS: um tutorial passo a passo;https://www.blog.psicometriaonline.com.br/tutorial-como-executar-o-teste-de-wilcoxon/;ok
91;Publicado;Análise fatorial;análise fatorial exploratória;5/29/2025;comunalidade vs. singularidade;Comunalidade vs. singularidade: entendendo as diferenças;Comunalidade vs. singularidade: entenda esses conceitos;https://www.blog.psicometriaonline.com.br/comunalidade-vs-singularidade-entendendo-as-diferencas/;ok
92;Publicado;Fidedignidade e validade;fidedignidade e concordância;1/1/2025;confiabilidade por duas metades;Compreendendo a confiabilidade por duas metades (split-half reliability);Confiabilidade por duas metades: O que é e como calcular?;https://www.blog.psicometriaonline.com.br/compreendendo-a-confiabilidade-duas-metades-split-half-reliability/;ok
93;Publicado;Análises bi e multivariadas;dados categóricos;12/7/2025;análise de correspondência;O que é análise de correspondência?;Análise de correspondência: o que é, tipos e como calcular?;https://www.blog.psicometriaonline.com.br/analise-de-correspondencia/;ok
94;Publicado;Análises bi e multivariadas;correlação;31/12/2024;correlação policórica;O que é correlação policórica?;O que é correlação policórica?;https://www.blog.psicometriaonline.com.br/o-que-e-correlacao-policorica/;ok
95;Publicado;Fidedignidade e validade;fontes de validade;4/4/2025;validade baseada na estrutura interna;Validade baseada na estrutura interna;Validade baseada na estrutura interna: o que é e como avaliá-la?;https://www.blog.psicometriaonline.com.br/validade-baseada-na-estrutura-interna/;ok
96;Publicado;Tutoriais;tutorial no SPSS, fidedignidade e concordância;6/10/2025;kappa ponderado;O que é kappa ponderado?;Kappa ponderado: o que é, como calcular e como interpretar?;https://www.blog.psicometriaonline.com.br/o-que-e-kappa-ponderado/;ok
97;Publicado;Análises bi e multivariadas;regressão;26/6/2025;pseudo R²;Regressão logística: pseudo R²;Pseudo R²: O que é, tipos e como interpretar?;https://www.blog.psicometriaonline.com.br/regressao-logistica-pseudo-r2/;ok
98;Publicado;Análises bi e multivariadas;regressão;28/1/2025;regressão linear e regressão logística;Diferença entre regressão linear e regressão logística;Regressão linear e regressão logística: quais são suas diferenças?;https://www.blog.psicometriaonline.com.br/diferenca-entre-regressao-linear-e-regressao-logistica/;ok
99;Publicado;Revisões da literatura;ferramentas de escrita e revisão;7/2/2025;AMSTAR 2;AMSTAR 2: Ferramenta para avaliação de revisões sistemáticas e meta-análises;AMSTAR 2: O que é e como utilizar essa ferramenta?;https://www.blog.psicometriaonline.com.br/amstar-2-ferramenta-para-avaliacao-de-revisoes-sistematicas-e-meta-analises/;ok
100;Publicado;Análises bi e multivariadas;tamanho de efeito, testes não paramétricos;10/12/2024;tamanho de efeito para o teste de Mann-Whitney;Cálculo do tamanho de efeito para o teste de Mann-Whitney;Tamanho de efeito para o teste de Mann-Whitney: como calcular?;https://www.blog.psicometriaonline.com.br/calculo-do-tamanho-de-efeito-para-o-teste-de-mann-whitney/;ok
101;Publicado;Tutoriais;teste t e anova, tutorial no JASP;6/11/2025;análise de covariância no JASP;Como realizar análise de covariância no JASP?;Análise de covariância no JASP: um tutorial;https://www.blog.psicometriaonline.com.br/tutorial-ancova-analise-de-covariancia/;ok
102;Publicado;TRI;conceitos da TRI;24/12/2024;vantagens da TRI;Vantagens da TRI sobre a teoria clássica dos testes;Vantagens da TRI sobre a teoria clássica dos testes;https://www.blog.psicometriaonline.com.br/vantagens-da-tri-sobre-a-teoria-classica-dos-testes/;ok
103;Publicado;Análise fatorial;análise fatorial exploratória;17/04/2025;rotação fatorial;O que é rotação fatorial?;Rotação fatorial na análise fatorial exploratória: para que serve?;https://www.blog.psicometriaonline.com.br/rotacao-fatorial/;ok
104;Publicado;Análises bi e multivariadas;teste de hipótese;10/10/2024;valor de p;O que é valor de p?;Valor de p: o que é e como interpretar?;https://www.blog.psicometriaonline.com.br/o-que-e-valor-de-p/;ok
105;Publicado;Análises bi e multivariadas;teste de hipótese;1/3/2025;teste paramétrico;O que é um teste paramétrico?;O que é um teste paramétrico?;https://www.blog.psicometriaonline.com.br/o-que-e-um-teste-parametrico/;ok
106;Publicado;Análises bi e multivariadas;estatística descritiva, teste de hipótese;23/12/2024;etapas da análise de dados;Explorando as etapas da análise de dados;Etapas da análise de dados quantitativos: conheça as principais;https://www.blog.psicometriaonline.com.br/explorando-as-etapas-da-analise-de-dados/;ok
107;Publicado;Análise fatorial;análise fatorial exploratória, dicas de materiais;02/09/2024;Glossário de Análise Fatorial Exploratória;Glossário de Análise Fatorial Exploratória;Glossário de Análise Fatorial Exploratória: baixe o ebook gratuito;https://www.blog.psicometriaonline.com.br/glossario-analise-fatorial-exploratoria/;ok
108;Publicado;Tutoriais;tutorial no SPSS, fidedignidade e concordância;1/7/2025;coeficiente de concordância de Kendall;Como calcular o coeficiente de concordância de Kendall no SPSS?;Coeficiente de concordância de Kendall: o que é e como calcular;https://www.blog.psicometriaonline.com.br/coeficiente-de-concordancia-de-kendall/;ok
109;Publicado;Análises bi e multivariadas;correlação;03/07/2024;covariância e correlação;Qual é a diferença entre covariância e correlação?;Covariância e correlação: entenda a diferença;https://www.blog.psicometriaonline.com.br/covariancia-e-correlacao/;ok
110;Publicado;Análise fatorial;análise fatorial confirmatória;5/14/2025;o que é análise fatorial confirmatória;O que é análise fatorial confirmatória?;O que é análise fatorial confirmatória?;https://www.blog.psicometriaonline.com.br/analise-fatorial-confirmatoria/;ok
111;Publicado;Análises bi e multivariadas;testes não paramétricos;12/4/2025;teste de Kruskal-Wallis;O que é e quando usar o teste de Kruskal-Wallis?;Teste de Kruskal-Wallis: o que é e quando usar?;https://www.blog.psicometriaonline.com.br/teste-de-kruskal-wallis/;ok
112;Publicado;Instrumentos de autorrelato;teoria da medida;09/10/2024;variáveis nominais e ordinais;Qual a diferença entre variáveis nominais e ordinais?;Variáveis nominais e ordinais: conheça as definições e diferenças;https://www.blog.psicometriaonline.com.br/qual-a-diferenca-entre-variaveis-nominais-e-ordinais/;ok
113;Publicado;Análise fatorial;análise fatorial confirmatória, análise fatorial exploratória;17/04/2025;cargas fatoriais;O que são cargas fatoriais?;O que são cargas fatoriais?;https://www.blog.psicometriaonline.com.br/cargas-fatoriais/;ok
114;Publicado;Análises bi e multivariadas;teste de hipótese;24/06/2024;erro Tipo II;O que é erro Tipo II?;Erro Tipo II: O que é e como interpretar?;https://www.blog.psicometriaonline.com.br/o-que-e-o-erro-do-tipo-ii/;ok
115;Publicado;Análise fatorial;análise fatorial confirmatória;6/9/2025;índices comparativos;Índices comparativos na análise fatorial confirmatória;Índices comparativos na análise fatorial confirmatória;https://www.blog.psicometriaonline.com.br/indices-comparativos-na-analise-fatorial-confirmatoria/;ok
116;Publicado;Fidedignidade e validade;fidedignidade e concordância;13/7/2025;coeficiente de correlação intraclasse;O que é coeficiente de correlação intraclasse?;Coeficiente de correlação intraclasse: conheça essa medida;https://www.blog.psicometriaonline.com.br/coeficiente-de-correlacao-intraclasse/;ok
117;Publicado;Análises bi e multivariadas;regressão, pressupostos estatísticos;6/16/2025;distância de Cook;O que é a distância de Cook?;Distância de Cook: o que é e para que serve?;https://www.blog.psicometriaonline.com.br/o-que-e-a-distancia-de-cook/;ok
118;Publicado;Análises bi e multivariadas;teste de hipótese;24/06/2024;erro Tipo I;O que é erro Tipo I?;Erro Tipo I: O que é e como interpretar?;https://www.blog.psicometriaonline.com.br/o-que-e-erro-do-tipo-i/;ok
119;Publicado;Análises bi e multivariadas;dados categóricos;24/07/2024;teste qui-quadrado de aderência;O que é teste qui-quadrado de aderência?;Teste qui-quadrado de aderência: o que é e como interpretar?;https://www.blog.psicometriaonline.com.br/qui-quadrado-teste-de-aderencia/;ok
120;Publicado;Análises bi e multivariadas;tamanho de efeito;02/12/2024;g de Hedges;O que é o g de Hedges (Hedges's g)?;g de Hedges: o que é, como calcular e como interpretar?;https://www.blog.psicometriaonline.com.br/tamanho-de-efeito-g-de-hedges-hedges-g/;ok
121;Publicado;Tutoriais;tutorial no jasp;22/07/2024;teste binomial;Como fazer o teste binomial no JASP?;Teste binomial: o que é e como realizar o teste binomial no JASP?;https://www.blog.psicometriaonline.com.br/como-executar-e-interpretar-o-teste-binomial/;ok
122;Publicado;Análises bi e multivariadas;teste de hipótese;1/7/2025;teste de hipóteses;Qual teste de hipóteses utilizar?;Teste de hipóteses: dicas de como escolher o mais adequado;https://www.blog.psicometriaonline.com.br/qual-teste-de-hipoteses-utilizar/;ok
123;Publicado;Análises bi e multivariadas;tamanho de efeito, dados categóricos;18/07/2024;coeficiente phi;O que é o coeficiente phi?;Coeficiente phi: o que é, como calcular e como interpretar?;https://www.blog.psicometriaonline.com.br/o-que-e-o-coeficiente-phi/;ok
124;Publicado;Instrumentos de autorrelato;teoria da medida;5/5/2025;escala Likert;Entenda o que é escala Likert;Escala Likert: o que você precisa saber sobre ela?;https://www.blog.psicometriaonline.com.br/entenda-o-que-e-escala-likert/;ok
125;Publicado;Análises bi e multivariadas;regressão;25/6/2025;métodos de entrada;Métodos de entrada da regressão linear múltipla;Métodos de entrada da regressão linear múltipla;https://www.blog.psicometriaonline.com.br/metodos-de-entrada-da-regressao-linear-multipla/;ok
126;Publicado;Escrita científica;ferramentas de escrita e revisão;21/11/2024;escrita de artigo acadêmico;Breve checklist para escrita de artigo acadêmico;Escrita de artigo acadêmico: como estruturar seu texto científico?;https://www.blog.psicometriaonline.com.br/breve-check-list-para-escrita-de-artigo-academico/;ok
127;Publicado;Instrumentos de autorrelato;construção e adaptação de instrumentos;24/12/2024;construção de itens;Construção de itens para instrumentos de autorrelato;Construção de itens para escalas de autorrelato: algumas dicas;https://www.blog.psicometriaonline.com.br/construcao-de-itens-para-instrumentos-de-autorrelato/;ok
128;Publicado;Análises bi e multivariadas;regressão;6/3/2025;poder preditivo da regressão linear;O que devo saber sobre o poder preditivo da regressão linear?;Poder preditivo da regressão linear: o que você precisa saber;https://www.blog.psicometriaonline.com.br/o-que-devo-saber-sobre-o-poder-preditivo-da-regressao-linear/;ok
129;Publicado;Fidedignidade e validade;fidedignidade e concordância;5/2/2025;variância média extraída;O que é e como calcular a variância média extraída?;Variância média extraída: o que é e como calcular?;https://www.blog.psicometriaonline.com.br/variancia-media-extraida/;ok
130;Publicado;Geral;manipulação do banco de dados;5/5/2025;dados faltantes;O que são dados faltantes?;Dados faltantes: o que são e como lidar com eles?;https://www.blog.psicometriaonline.com.br/o-que-sao-dados-faltantes/;ok
131;Publicado;Tutoriais;tutorial no R;4/29/2025;modelagem por equações estruturais;Modelagem por equações estruturais no R: conceitos e aplicações;Modelagem por equações estruturais no R: Conceitos e aplicações;https://www.blog.psicometriaonline.com.br/modelagem-por-equacoes-estruturais-no-r-conceitos-e-aplicacoes/;ok
132;Publicado;TRI;conceitos da TRI;6/6/2025;curva característica do item;Curva característica do item, curva de informação do item e curva de informação do teste: como interpretar as três curvas da TRI?;Curva característica do item: saiba como interpretá-la;https://www.blog.psicometriaonline.com.br/curva-caracteristica-do-item-curva-de-informacao-do-item-e-curva-de-informacao-do-teste/;ok
133;Publicado;Revisões da literatura;metanálise;19/11/2024;revisão metanalítica;Sete etapas para conduzir uma revisão metanalítica;Revisão metanalítica: conheça as principais etapas desse estudo;https://www.blog.psicometriaonline.com.br/sete-etapas-para-conduzir-uma-revisao-metanalitica/;ok
134;Publicado;Análises bi e multivariadas;pressupostos estatísticos;24/6/2025;multicolinearidade;Diagnóstico de multicolinearidade;Multicolinearidade na regressão linear;https://www.blog.psicometriaonline.com.br/diagnostico-de-multicolinearidade/;ok
135;Publicado;Tutoriais;correlação, tutorial no SPSS;23/07/2024;correlação parcial;O que é e como executar a correlação parcial no SPSS?;Correlação parcial: o que é, como fazer e como interpretar?;https://www.blog.psicometriaonline.com.br/o-que-e-correlacao-parcial/;ok
136;Publicado;Análise fatorial;modelagem por equações estruturais;4/30/2025;análise de caminho;Modelagem por equações estruturais e análise de caminho;Análise de caminho e modelagem por equações estruturais;https://www.blog.psicometriaonline.com.br/modelagem-por-equacoes-estruturais-sem-e-analise-de-caminho-path-analysis/;ok
137;Publicado;Modelos lineares generalizados;regressão;4/4/2025;regressão logística;O que é regressão logística?;Regressão logística: uma introdução amigável;https://www.blog.psicometriaonline.com.br/o-que-e-regressao-logistica/;ok
138;Publicado;Análises bi e multivariadas;teste de hipótese;6/2/2025;teste de hipótese;O que é teste de hipótese?;O que é teste de hipótese?;https://www.blog.psicometriaonline.com.br/teste-de-hipotese/;ok
139;Publicado;Análises bi e multivariadas;tamanho de efeito;27/11/2024;delta de Glass;O que é o delta de Glass (Glass’s delta)?;Delta de Glass: o que é, como calcular e como interpretar?;https://www.blog.psicometriaonline.com.br/tamanho-de-efeito-delta-glass-glass-delta/;ok
140;Publicado;Análises bi e multivariadas;pressupostos estatísticos;27/3/2025;suposições da regressão linear;Suposições da regressão linear;Suposições da regressão linear;https://www.blog.psicometriaonline.com.br/suposicoes-da-regressao-linear/;ok
141;Publicado;Análises bi e multivariadas;dados categóricos;25/07/2024;teste qui-quadrado de independência;O que é teste qui-quadrado de independência?;Teste qui-quadrado de independência: o que é e como interpretar?;https://www.blog.psicometriaonline.com.br/qui-quadrado-teste-de-independencia/;ok
142;Publicado;Fidedignidade e validade;fontes de validade;2/4/2025;validade baseada no processo de resposta;Validade baseada no processo de resposta;Validade baseada no processo de resposta;https://www.blog.psicometriaonline.com.br/validade-processo-resposta/;ok
143;Publicado;Análise fatorial;modelagem por equações estruturais;5/12/2025;outliers em modelos de equação estrutural;Os pacotes do R que você precisa conhecer para detectar outliers em modelos de equação estrutural;Outliers em modelos de equação estrutural: quais pacotes usar?;https://www.blog.psicometriaonline.com.br/os-pacotes-do-r-que-voce-precisa-conhecer-para-detectar-outliers-em-modelos-de-equacao-estrutural/;ok
144;Publicado;Análise fatorial;análise fatorial exploratória;5/9/2025;retenção de fatores;Quais são os principais métodos de retenção de fatores na análise fatorial exploratória?;Retenção fatorial: conheça os principais métodos;https://www.blog.psicometriaonline.com.br/principais-metodos-de-retencao-de-fatores/;ok
145;Publicado;Fidedignidade e validade;fontes de validade;19/3/2025;validade convergente;O que é validade convergente?;Validade convergente: entenda esse conceito;https://www.blog.psicometriaonline.com.br/validade-convergente/;ok
146;Publicado;Análises bi e multivariadas;teste t e anova;27/11/2024;teste t para amostras dependentes;Teste t para amostras dependentes;Teste t para amostras dependentes: entenda o teste estatístico;https://www.blog.psicometriaonline.com.br/teste-t-para-amostras-dependentes/;ok
147;Publicado;Instrumentos de autorrelato;acurácia diagnóstica;8/1/2025;curva ROC;Tutorial: Curva ROC – Diagnóstico clínico, sensibilidade e especificidade;O que é curva ROC?;https://www.blog.psicometriaonline.com.br/tutorial-curva-roc-diagnostico-clinico-sensibilidade-e-especificidade/;ok
148;Publicado;Análises bi e multivariadas;mediação e moderação;9/1/2025;análise de moderação;O que é análise de moderação?;Análise de moderação: uma introdução;https://www.blog.psicometriaonline.com.br/o-que-e-analise-de-moderacao/;ok
149;Publicado;Análises bi e multivariadas;teste t e anova;21/11/2024;tipos de teste t;Conheça os tipos de teste t;Tipos de teste t: quando usá-los e quais suas diferenças?;https://www.blog.psicometriaonline.com.br/conheca-os-tipos-de-teste-t/;ok
150;Publicado;Análises bi e multivariadas;teste t e anova;26/2/2025;ANCOVA;O que é análise de covariância (ANCOVA)?;Análise de covariância: o que é e quando usar?;https://www.blog.psicometriaonline.com.br/o-que-e-ancova-analise-de-covariancia/;ok
151;Publicado;Análises bi e multivariadas;teste t e anova;14/4/2025;médias marginais;O que são médias marginais?;Médias marginais: entenda o que são e para que servem!;https://www.blog.psicometriaonline.com.br/o-que-sao-medias-marginais/;ok
152;Publicado;Análise fatorial;análise fatorial confirmatória, modelagem por equações estruturais;6/2/2025;invariância de medição;Por que a invariância de medição é importante?;Invariância de medição: o que é e por que ela é tão importante?;https://www.blog.psicometriaonline.com.br/por-que-a-invariancia-de-medicao-e-importante/;ok
153;Publicado;Instrumentos de autorrelato;construção e adaptação de instrumentos;7/2/2025;adaptação transcultural;Adaptação transcultural de medidas de autorrelato;Adaptação transcultural de instrumentos: as principais etapas;https://www.blog.psicometriaonline.com.br/adaptacao-transcultural-de-medidas-de-autorrelato/;ok
154;Publicado;Instrumentos de autorrelato;vieses de resposta;6/9/2025;aquiescência;Compreendendo a aquiescência;O que é aquiescência?;https://www.blog.psicometriaonline.com.br/compreendendo-a-aquiescencia/;ok
155;Publicado;Análises bi e multivariadas;teste de hipótese;21/1/2025;family wise error rate;Familywise error rate (FWER): o que é e como controlar?;Familywise error rate (FWER): conheça maneiras de controlá-lo;https://www.blog.psicometriaonline.com.br/family-wise-error-rate-fwer-o-que-e-e-como-controlar/;ok
156;Publicado;Análises bi e multivariadas;correlação;18/07/2024;o que é covariância;O que é covariância?;O que é covariância? Definição, significado gráfico e exemplos;https://www.blog.psicometriaonline.com.br/o-que-e-covariancia/;ok
157;Publicado;Análises bi e multivariadas;correlação;31/12/2024;correlação tetracórica;O que é correlação tetracórica?;O que é correlação tetracórica?;https://www.blog.psicometriaonline.com.br/o-que-e-correlacao-tetracorica/;ok
158;Publicado;Análises bi e multivariadas;teste t e anova;26./11/2024;teste t para amostras independentes;Teste t para amostras independentes;Teste t para amostras independentes: entenda o teste estatístico;https://www.blog.psicometriaonline.com.br/teste-t-para-amostras-independentes/;ok
159;Publicado;Tutoriais;tutorial no SPSS, pressupostos estatísticos;03/12/2024;avaliando a normalidade dos dados;Como avaliar a normalidade dos dados no SPSS?;Normalidade dos dados no SPSS: Um tutorial de como avaliar;https://www.blog.psicometriaonline.com.br/avaliando-a-normalidade-dos-dados-no-spss/;ok
160;Publicado;Modelos lineares generalizados;regressão;6/3/2025;para que serve a regressão de Poisson;Para que serve a regressão de Poisson?;Para que serve a regressão de Poisson?;https://www.blog.psicometriaonline.com.br/para-que-serve-a-regressao-de-poisson/;ok
161;Publicado;Análise fatorial;análise fatorial exploratória;03/12/2024;termos importantes da análise fatorial exploratória;Termos importantes da análise fatorial exploratória;Termos importantes da análise fatorial exploratória para conhecer;https://www.blog.psicometriaonline.com.br/glossario-da-analise-fatorial-exploratoria/;ok
162;Publicado;Análise de redes;análise de redes, análise fatorial exploratória;6/13/2025;exploratory graph analysis;O que é exploratory graph analysis?;Exploratory graph analysis: o que é e para que serve?;https://www.blog.psicometriaonline.com.br/o-que-e-exploratory-graph-analysis/;ok
163;Publicado;Tutoriais;tutorial no R, correlação;05/07/2024;análise de correlação no R;Como fazer análise de correlação no R?;Como calcular correlação no R: um tutorial passo a passo;https://www.blog.psicometriaonline.com.br/analise-de-correlacao-no-r/;ok
164;Publicado;Análises bi e multivariadas;regressão;20/7/2025;métodos forward e backward;Os métodos forward e backward de seleção de variáveis na regressão linear múltipla;Os métodos forward e backward na regressão linear múltipla;https://www.blog.psicometriaonline.com.br/os-metodos-de-selecao-de-variaveis-forward-e-backward-na-regressao-linear-multipla/;ok
165;Publicado;Análises bi e multivariadas;correlação;18/07/2024;correlação não implica causalidade;Correlação não implica causalidade;Por que correlação não implica causalidade?;https://www.blog.psicometriaonline.com.br/correlacao-nao-implica-causalidade/;ok
166;Publicado;Análises bi e multivariadas;teste t e anova;27/2/2025;ANOVA fatorial;O que é ANOVA fatorial?;ANOVA fatorial: o que é e quais são seus tipos?;https://www.blog.psicometriaonline.com.br/anova-fatorial/;ok
167;Publicado;Análise de redes;análise de redes;5/22/2025;análise de rede;Análise de rede aplicada a dados psicológicos;Análise de rede: o que é e como aplicá-la a dados psicológicos?;https://www.blog.psicometriaonline.com.br/analise-de-rede-aplicada-a-dados-psicologicos/;ok
168;Publicado;Análise fatorial;análise fatorial exploratória;26/12/2024;executar análise paralela;Como executar análise paralela?;Como executar análise paralela?;https://www.blog.psicometriaonline.com.br/como-executar-analise-paralela/;ok
169;Publicado;Análise fatorial;análise fatorial exploratória;25/12/2024;análise paralela;O que é análise paralela?;Análise paralela: conheça sua utilidade na análise fatorial;https://www.blog.psicometriaonline.com.br/o-que-e-analise-paralela/;ok
170;Publicado;Análises bi e multivariadas;teste de hipótese;17/09/2024;erro Tipo I e erro Tipo II;O que é erro Tipo I e erro Tipo II?;Erro Tipo I e erro Tipo II: entenda as diferenças;https://www.blog.psicometriaonline.com.br/o-que-e-erro-do-tipo-i-e-erro-do-tipo-ii/;ok
171;Publicado;Geral;manipulação do banco de dados;7/11/2024;livro de códigos;Preparando o livro de códigos para a análise de dados;Livro de códigos: Como prepará-lo antes das análises de dados?;https://www.blog.psicometriaonline.com.br/preparando-o-livro-de-codigos/;ok
172;Publicado;Softwares;análise de dados;05/07/2024;diferença entre R e RStudio;Qual é a diferença entre R e RStudio?;R e RStudio: entenda a diferença;https://www.blog.psicometriaonline.com.br/qual-e-a-diferenca-entre-r-e-rstudio/;ok
173;Publicado;Softwares;gerenciador de referências;03/09/2024;EndNote;Gerenciador de referências: EndNote;EndNote: o que é e para que serve?;https://www.blog.psicometriaonline.com.br/gerenciador-de-referencias-endnote/;ok
174;Publicado;Geral;manipulação do banco de dados;27/3/2025;big data e psicologia;Big data e psicologia;Big data e psicologia;https://www.blog.psicometriaonline.com.br/big-data-e-psicologia/;ok
175;Publicado;Tutoriais;tutorial no JASP;6/16/2025;regressão logística no JASP;Como fazer uma regressão logística no JASP?;Regressão logística no JASP: Um tutorial;https://www.blog.psicometriaonline.com.br/como-fazer-uma-regressao-logistica-no-jasp/;ok
176;Publicado;Fidedignidade e validade;fontes de validade;26/3/2025;validade consequencial;Validade baseada nas consequências da testagem;O que é validade consequencial?;https://www.blog.psicometriaonline.com.br/validade-baseada-nas-consequencias-da-testagem/;ok
177;Publicado;Softwares;gerenciador de referências;08/10/2024;mendeley;Gerenciador de referências: Mendeley;Mendeley: o que é e para que serve?;https://www.blog.psicometriaonline.com.br/gerenciador-de-referencias-mendeley/;ok
178;Publicado;Análise fatorial;análise fatorial confirmatória;6/9/2025;parâmetros livres e fixos;O que são parâmetros livres e fixos em uma análise fatorial confirmatória?;Parâmetros livres e fixos na AFC: entenda o que são;https://www.blog.psicometriaonline.com.br/o-que-sao-parametros-livres-e-fixos-em-uma-afc/;ok
179;Publicado;Análises bi e multivariadas;mediação e moderação;16/1/2025;variáveis moderadoras;Análise de moderação: como identificar potenciais variáveis moderadoras?;Variáveis moderadoras: como identificar potenciais candidatas?;https://www.blog.psicometriaonline.com.br/analise-de-moderacao-como-identificar-potenciais-variaveis-moderadoras/;ok
180;Publicado;Análises bi e multivariadas;regressão;16/10/2025;variáveis dummy;O que são variáveis dummy?;Variáveis dummy: o que são, para que servem e como criá-las?;https://blog.psicometriaonline.com.br/o-que-sao-variaveis-dummy;ok
181;Publicado;Softwares;análise de dados;9/1/2025;macro PROCESS;O que é e como instalar o PROCESS? A macro do SPSS para análises de mediação e de moderação;PROCESS para SPSS: para que serve e como instalar?;https://www.blog.psicometriaonline.com.br/o-que-e-e-como-instalar-o-process-macro-do-spss-para-analise-de-mediacao-e-moderacao/;ok
182;Publicado;Análises bi e multivariadas;tamanho de efeito, testes não paramétricos;05/12/2024;tamanho de efeito para o teste de Wilcoxon;Cálculo do tamanho de efeito para o teste de Wilcoxon;Tamanho de efeito para o teste de Wilcoxon: como calcular?;https://www.blog.psicometriaonline.com.br/calculo-do-tamanho-de-efeito-para-o-teste-de-wilcoxon/;ok
183;Publicado;Análises bi e multivariadas;estatística descritiva;17/07/2024;variância e desvio-padrão;Qual é a diferença entre variância e desvio-padrão?;Variância e desvio-padrão: entenda a diferença;https://www.blog.psicometriaonline.com.br/qual-e-a-diferenca-entre-variancia-e-desvio-padrao/;ok
184;Publicado;TRI;conceitos da TRI;19/12/2024;conceitos da teoria de resposta ao item;Conceitos da Teoria de Resposta ao Item (TRI) que você precisa conhecer;Conceitos da Teoria de Resposta ao Item: conheça alguns deles;https://www.blog.psicometriaonline.com.br/conceitos-da-teoria-de-resposta-ao-item-que-voce-precisa-conhecer/;ok
185;Publicado;Análise fatorial;mediação e moderação, modelagem por equações estruturais;05/01/2025;path analysis;O que é path analysis?;Path analysis: conheça essa técnica de análise de dados;https://www.blog.psicometriaonline.com.br/o-que-e-path-analysis/;ok
186;Publicado;Tutoriais;análise fatorial confirmatória, tutorial no JASP;12/7/2025;análise de invariância de medição (MIMIC) no JASP;Como realizar análise de invariância de medição (MIMIC) no JASP?;Invariância de medição (MIMIC) no JASP: um tutorial;https://www.blog.psicometriaonline.com.br/tutorial-invariancia-de-medicao-mimic-no-jasp/;ok
187;Publicado;Análise fatorial;análise fatorial exploratória;5/22/2025;resultados reportar;Quais resultados reportar ao realizar uma análise fatorial exploratória?;Quais resultados reportar em uma AFE?;https://www.blog.psicometriaonline.com.br/quais-resultados-reportar-ao-realizar-uma-analise-fatorial-exploratoria/;ok
188;Publicado;Metodologia científica;planejamento de pesquisa;20/11/2024;planejamento do projeto de pesquisa;Planejamento do projeto de pesquisa: dicas essenciais para um estudo bem-sucedido;Planejamento do projeto de pesquisa: algumas dicas importantes;https://www.blog.psicometriaonline.com.br/dicas-para-o-planejamento-do-projeto-de-pesquisa/;ok
189;Publicado;Análise de redes;análise de redes;23/6/2025;bridge symptoms;Bridge symptoms: como investigar a interação entre psicopatologias por meio da análise de rede?;Bridge symptoms, psicopatologias e análise de rede;https://www.blog.psicometriaonline.com.br/bridge-symptoms-como-investigar-a-interacao-entre-psicopatologias-por-meio-da-analise-de-rede/;ok
190;Publicado;Tutoriais;tutoriais;20/10/2025;variáveis dummy no spss;Como criar variáveis dummy no SPSS?;Variáveis dummy no SPSS: um tutorial de como criá-las;https://blog.psicometriaonline.com.br/como-criar-variaveis-dummy-no-spss;ok
191;Publicado;Softwares;análise de dados;04/07/2024;programar em R;Por que aprender a programar em R?;Programar em R: por que e onde começar?;https://www.blog.psicometriaonline.com.br/por-que-aprender-a-programar-em-r/;ok
192;Publicado;Tutoriais;tutorial no R, manipulação do banco de dados;08/07/2024;juntar bancos de dados no R;Como juntar bancos de dados com o dplyr?;Juntar bancos de dados no R: um tutorial passo a passo;https://www.blog.psicometriaonline.com.br/como-juntar-bancos-de-dados-no-r/;ok
193;Publicado;Tutoriais;tutorial no R, manipulação do banco de dados;08/07/2024;reestruturar banco de dados no R;Como reestruturar banco de dados no R?;Como reestruturar banco de dados no R: um tutorial passo a passo;https://www.blog.psicometriaonline.com.br/como-reestruturar-banco-de-dados-no-r/;ok
194;Publicado;Análise fatorial;análise fatorial exploratória;08/07/2024;análise fatorial exploratória no R;Quais pacotes usar na análise fatorial exploratória no R?;Análise fatorial exploratória no R: dicas de pacotes;https://www.blog.psicometriaonline.com.br/pacotes-do-r-para-analise-fatorial-exploratoria/;ok
195;Publicado;Tutoriais;tutorial no R;18/07/2024;curso R para Iniciantes;Curso R para Iniciantes;Título SEO: Curso R para Iniciantes: Aprenda gratuitamente a programar em R;https://www.blog.psicometriaonline.com.br/curso-r-para-iniciantes;ok
196;Publicado;Tutoriais;tutorial no R, gráficos;08/07/2024;gráficos no R;Como criar gráficos no R com o ggplot2?;Gráficos no R: um tutorial com o pacote ggplot2;https://www.blog.psicometriaonline.com.br/como-criar-graficos-no-r-com-o-ggplot2/;ok
197;Publicado;Análises bi e multivariadas;tamanho de efeito, estudos epidemiológicos;24/07/2024;razão de chances;Razão de chances (odds ratio): o que é, como calcular e como interpretar?;Razão de chances (odds ratio): aprenda a interpretar essa medida;https://www.blog.psicometriaonline.com.br/o-que-e-razao-de-chances-odds-ratio;ok
198;Publicado;Revisões da literatura;metanálise;31/07/2024;metanálise;O que é metanálise?;O que é metanálise? O que você precisa saber sobre o tema;https://www.blog.psicometriaonline.com.br/o-que-e-metanalise;ok
199;Publicado;Revisões da literatura;metanálise, gráficos;06/08/2024;forest plot;O que é e como interpretar um forest plot?;Forest plot: o que é e como interpretar?;https://www.blog.psicometriaonline.com.br/o-que-e-e-como-interpretar-um-forest-plot;ok
200;Publicado;Metodologia científica;metaciência;14/08/2024;HARKing;HARKing: formulando hipóteses após conhecer os resultados;O que é HARKing?;https://www.blog.psicometriaonline.com.br/o-que-e-harking;ok
201;Publicado;Escrita científica;bases de dados;15/08/2024;pesquisar artigos no SciELO;Como pesquisar artigos no SciELO?;Como pesquisar artigos no SciELO? Algumas dicas;https://www.blog.psicometriaonline.com.br/como-pesquisar-artigos-no-scielo/;ok
202;Publicado;Escrita científica;bases de dados;17/08/2024;Google Acadêmico;Como usar o Google Acadêmico?;Google Acadêmico: dicas de como usar a ferramenta;https://www.blog.psicometriaonline.com.br/como-usar-o-google-academico;ok
203;Publicado;Escrita científica;dicas de escrita, vida acadêmica;18/08/2024;artigo científico;O que é um artigo científico?;Artigo científico: o que é, características e estrutura;https://www.blog.psicometriaonline.com.br/o-que-e-um-artigo-cientifico/;ok
204;Publicado;Revisões da literatura;bases de dados, vida acadêmica;19/08/2024;Periódicos CAPES;O que é o Portal de Periódicos CAPES?;Periódicos CAPES: o que é e como usar?;https://www.blog.psicometriaonline.com.br/o-que-e-o-portal-de-periodicos-capes;ok
205;Publicado;Escrita científica;vida acadêmica;20/08/2024;Qualis CAPES;O que é o Qualis CAPES?;Qualis CAPES: o que é, para que serve e como consultar?;https://www.blog.psicometriaonline.com.br/o-que-e-o-qualis-capes;ok
206;Publicado;Escrita científica;dicas de escrita, vida acadêmica;22/08/2024;revisão por pares;O que é e como funciona a revisão por pares (peer review)?;Revisão por pares (peer review): o que é e como funciona?;https://www.blog.psicometriaonline.com.br/o-que-e-e-como-funciona-a-revisao-por-pares-peer-review/;ok
207;Publicado;Escrita científica;dicas de escrita, vida acadêmica;27/08/2024;escrita científica;Dicas de como melhorar a sua escrita científica;Escrita científica: 10 dicas de como melhorá-la;https://www.blog.psicometriaonline.com.br/dicas-de-como-melhorar-a-sua-escrita-cientifica/;ok
208;Publicado;Escrita científica;vida acadêmica;28/08/2024;bolsas de mestrado e de doutorado;Bolsas de mestrado e de doutorado: como conseguir?;Bolsas de mestrado e de doutorado: entenda como funciona;https://www.blog.psicometriaonline.com.br/bolsas-de-mestrado-e-de-doutorado-como-conseguir/;ok
209;Publicado;Tutoriais;tutorial no JASP, pressupostos estatísticos;04/09/2024;teste de Shapiro-Wilk no JASP;Como realizar o teste de Shapiro-Wilk no JASP?;Como fazer o teste de Shapiro-Wilk no JASP? Um tutorial;https://www.blog.psicometriaonline.com.br/como-realizar-o-teste-de-shapiro-wilk-no-jasp;ok
210;Publicado;Escrita científica;dicas de escrita;11/09/2024;ordem de autoria do artigo científico;Como definir a ordem de autoria do artigo científico?;Ordem de autoria do artigo científico: normas de como definir;https://www.blog.psicometriaonline.com.br/como-definir-a-ordem-de-autoria-do-artigo-cientifico;ok
211;Publicado;Revisões da literatura;dicas de escrita, ferramentas de escrita e revisão;18/09/2024;declaração PRISMA;Como escrever uma revisão sistemática? A declaração PRISMA;A declaração PRISMA como orientação de redação de revisões;https://www.blog.psicometriaonline.com.br/como-escrever-uma-revisao-sistematica-a-declaracao-prisma;ok
212;Publicado;Metodologia científica;validade interna e externa, desenhos experimentais;09/10/2024;validade interna;O que é validade interna?;Validade interna: o que é e quais são suas principais ameaças?;https://www.blog.psicometriaonline.com.br/o-que-e-validade-interna;ok
213;Publicado;Tutoriais;tutorial no SPSS, manipulação do banco de dados;25/09/2024;calcular o escore z;Como calcular o escore z no SPSS?;Como calcular o escore z no SPSS? Um tutorial;https://www.blog.psicometriaonline.com.br/como-calcular-o-escore-z-no-SPSS;ok
214;Publicado;Tutoriais;tutorial no SPSS, manipulação do banco de dados;02/10/2024;centralizar os dados;Como centralizar os dados no SPSS?;Centralizar os dados no SPSS: um tutorial;https://www.blog.psicometriaonline.com.br/como-centralizar-os-dados-no-spss;ok
215;Publicado;Metodologia científica;validade interna e externa, desenhos experimentais;16/10/2024;validade externa;O que é validade externa?;Validade externa: o que é e quais são suas principais ameaças?;https://www.blog.psicometriaonline.com.br/o-que-e-validade-externa;ok
216;Publicado;Instrumentos de autorrelato;acurácia diagnóstica;23/10/2024;sensibilidade e especificidade;Qual é a diferença entre sensibilidade e especificidade?;Sensibilidade e especificidade: entenda a diferença;https://www.blog.psicometriaonline.com.br/qual-e-a-diferenca-entre-sensibilidade-e-especificidade/;ok
217;Publicado;Softwares;análise de dados, planejamento de pesquisa;30/10/2024;G*Power;Como fazer o cálculo de tamanho amostral no G*Power?;G*Power: software gratuito para calcular tamanho amostral;https://www.blog.psicometriaonline.com.br/como-fazer-o-calculo-de-tamanho-amostral-no-gpower/;ok
218;Publicado;Metodologia científica;desenhos experimentais, estudos epidemiológicos;6/11/2024;ensaio clínico randomizado;O que é ensaio clínico randomizado?;Ensaio clínico randomizado: o que é e quais suas características?;https://www.blog.psicometriaonline.com.br/o-que-e-ensaio-clinico-randomizado/;ok
219;Publicado;Inteligência artificial;machine learning;4/12/2024;machine learning;O que é machine learning?;O que é machine learning?;https://www.blog.psicometriaonline.com.br/o-que-e-machine-learning/;ok
220;Publicado;Inteligência artificial;machine learning;22/1/2025;aprendizagem supervisionada e não supervisionada;Qual é a diferença entre aprendizagem supervisionada e não supervisionada?;Aprendizagem supervisionada e não supervisionada;https://www.blog.psicometriaonline.com.br/aprendizagem-supervisionada-e-nao-supervisionada/;ok
221;Publicado;Softwares;gerenciador de referências;20/11/2024;zotero;Gerenciador de referências: Zotero;Zotero: o que é e para que serve?;https://www.blog.psicometriaonline.com.br/gerenciador-de-referencias-zotero/;ok
222;Publicado;Análises bi e multivariadas;estatística descritiva;27/11/2024;correção de Bessel;O que é correção de Bessel?;Correção de Bessel: por que usar N – 1 na fórmula da variância?;https://www.blog.psicometriaonline.com.br/correcao-de-bessel/;ok
223;Publicado;Instrumentos de autorrelato;teoria da medida;8/1/2025;dicotomizar variáveis;Dicotomizar variáveis ou não dicotomizar, eis a questão!;Dicotomizar variáveis: entenda alguns dos problemas dessa prática;https://www.blog.psicometriaonline.com.br/dicotomizar-variaveis-ou-nao-dicotomizar/;ok
224;Publicado;Geral;dicas de materiais;29/1/2025;carreira em psicometria;Qual é o papel da matemática na carreira de psicometrista?;Carreira de psicometrista: o quanto de matemática preciso saber?;https://www.blog.psicometriaonline.com.br/qual-e-o-papel-da-matematica-na-carreira-de-psicometrista/;ok
225;Publicado;Geral;dicas de materiais;25/12/2024;análise quantitativa de dados;Dicas de livros sobre análise quantitativa de dados;Análise quantitativa de dados: 10 livros que você precisa ler;https://www.blog.psicometriaonline.com.br/dicas-de-livros-sobre-analise-quantitativa-de-dados/;ok
226;Publicado;Geral;dicas de materiais;1/1/2025;livros sobre psicometria;Dicas de livros sobre psicometria;Título SEO: Livros sobre psicometria: 10 dicas de leituras obrigatórias;https://www.blog.psicometriaonline.com.br/dicas-de-livros-sobre-psicometria/;ok
227;Publicado;Tutoriais;tutorial no SPSS, manipulação do banco de dados;13/11/2024;banco de dados no SPSS;Como montar e organizar o banco de dados no SPSS?;Banco de dados no SPSS: Aprenda a organizá-lo do jeito certo;https://www.blog.psicometriaonline.com.br/como-montar-e-organizar-o-banco-de-dados-no-spss/;ok
228;Publicado;Metodologia científica;validade interna e externa, desenhos experimentais;18/11/2024;variáveis de confusão;Variáveis de confusão e outras ameaças à validade do seu estudo;Variáveis de confusão e validade interna: entenda esses conceitos;https://www.blog.psicometriaonline.com.br/variaveis-de-confusao-e-outras-ameacas-a-validade-do-seu-estudo/;ok
229;Publicado;Análises bi e multivariadas;teste t e anova;28/2/2025;ANOVA de medidas repetidas;O que é ANOVA de medidas repetidas?;ANOVA de medidas repetidas: conheça a técnica;https://www.blog.psicometriaonline.com.br/anova-de-medidas-repetidas/;ok
230;Publicado;Análises bi e multivariadas;tamanho de efeito, testes não paramétricos;15/1/2025;correlação posto-bisserial;O que é correlação posto-bisserial?;Correlação posto-bisserial: aprenda como interpretar essa medida;https://www.blog.psicometriaonline.com.br/o-que-e-correlacao-posto-bisserial;ok
231;Publicado;Tutoriais;tutorial no spss;11/12/2024;teste de mann-whitney no spss;Como executar o teste de Mann-Whitney no SPSS?;Teste de Mann-Whitney no SPSS: Um tutorial passo a passo;https://www.blog.psicometriaonline.com.br/como-executar-o-teste-de-mann-whitney-no-spss;ok
232;Publicado;Análises bi e multivariadas;teste de hipótese;18/12/2024;intervalo de confiança;O que é intervalo de confiança?;Intervalo de confiança: entenda o conceito;https://www.blog.psicometriaonline.com.br/o-que-e-intervalo-de-confianca/;ok
233;Publicado;Análises bi e multivariadas;dicas de materiais;20/1/2025;análises bi e multivariadas;E-book Análises Bi e Multivariadas: Definições e Usos;—;https://www.blog.psicometriaonline.com.br/ebook-analises-bi-e-multivariadas/;ok
234;Publicado;Inteligência artificial;pesquisa com inteligência artificial;14/07/2025;pesquisa científica com inteligência artificial;O trabalho do pesquisador na era da pesquisa científica com inteligência artificial;Pesquisa científica com inteligência artificial;https://www.blog.psicometriaonline.com.br/o-trabalho-na-era-da-pesquisa-com-inteligencia-artificial/;ok
235;Publicado;Metodologia científica;estudos epidemiológicos, estudos observacionais;25/07/2025;estudo de coorte;Estudo de coorte: o que é e quais são suas principais características?;Estudo de coorte: conheça esse delineamento de pesquisa;https://www.blog.psicometriaonline.com.br/estudo-de-coorte;ok
236;Publicado;Análises bi e multivariadas;teste de hipótese;29/7/2025;procedimento de Benjamini-Hochberg;O que é o procedimento de Benjamini-Hochberg?;Procedimento de Benjamini-Hochberg: o que é e para que serve?;https://www.blog.psicometriaonline.com.br/procedimento-de-benjamini-hochberg;ok
237;Publicado;Inteligência artificial;pesquisa com inteligência artificial;30/7/2025;inteligência artificial na pesquisa;Seis mitos sobre Inteligência Artificial na pesquisa que estão atrasando sua carreira (e como superá-los);Inteligência Artificial na pesquisa: seis mitos sobre o assunto;https://www.blog.psicometriaonline.com.br/seis-mitos-sobre-inteligencia-artificial-na-pesquisa/;ok
238;Publicado;Metodologia científica;metaciência;04/08/2025;p-hacking;O que é p-hacking na pesquisa científica?;p-hacking: O que é, causas, consequências e como evitar?;https://www.blog.psicometriaonline.com.br/o-que-e-p-hacking/;ok
239;Publicado;Inteligência artificial;processamento de linguagem natural;25/7/2025;análise de textos com IA;Análise de textos com IA: além dos números na pesquisa científica;Análise de textos com IA: o processamento de linguagem natural;https://www.blog.psicometriaonline.com.br/analise-de-textos-com-ia-alem-dos-numeros-na-pesquisa-cientifica;ok
240;Publicado;Análises bi e multivariadas;correlação;05/08/2025;matriz de covariância;O que é uma matriz de covariância?;Matriz de covariância: o que é e qual sua utilidade?;https://blog.psicometriaonline.com.br/o-que-e-uma-matriz-de-covariancia;ok
241;Publicado;Análises bi e multivariadas;dados categóricos;07/08/2025;teste dos sinais;O que é o teste dos sinais (sign test)?;Teste dos sinais: o que é, para que serve e como interpretar?;https://www.blog.psicometriaonline.com.br/o-que-e-o-teste-dos-sinais/;ok
242;Publicado;Análises bi e multivariadas;pressupostos estatísticos;13/08/2025;assimetria;O que é assimetria?;Assimetria: o que é, quais são os tipos e como avaliá-la?;https://blog.psicometriaonline.com.br/o-que-e-assimetria;ok
243;Publicado;Inteligência artificial;machine learning;12/08/2025;clusterização;O que é clusterização?;Clusterização: o que é e para que serve?;https://blog.psicometriaonline.com.br/o-que-e-clusterizacao;ok
244;Publicado;Análises bi e multivariadas;pressupostos estatísticos;15/08/2025;curtose;O que é curtose?;Curtose: o que é, quais são os tipos e como avaliá-la?;https://www.blog.psicometriaonline.com.br/o-que-e-curtose/;ok
245;Publicado;Análises bi e multivariadas;pressupostos estatísticos;18/08/2025;outliers;O que são outliers e como detectá-los?;Outliers: o que são e como detectá-los?;https://www.blog.psicometriaonline.com.br/o-que-sao-outliers-e-como-detecta-los/;ok
246;Publicado;Inteligência artificial;machine learning, pesquisa com inteligência artificial;20/08/2025;inteligência artificial;Qual a diferença entre Inteligência Artificial, Machine Learning e Deep Learning?;Inteligência Artificial, Machine Learning e Deep Learning;https://blog.psicometriaonline.com.br/inteligencia-artificial-machine-learning-e-deep-learning;ok
247;Publicado;Metodologia científica;metaciência;20/08/2025;replicação;O que é um estudo de replicação?;Replicação de estudos: tipos, diferenças, exemplos e boas práticas;https://blog.psicometriaonline.com.br/o-que-e-um-estudo-de-replicacao;ok
248;Publicado;Análises bi e multivariadas;pressupostos estatísticos;22/08/2025;desvio absoluto mediano;O que é e para que serve o desvio absoluto mediano?;Desvio absoluto mediano: uma técnica de detecção de outliers;https://blog.psicometriaonline.com.br/o-que-e-e-para-que-serve-o-desvio-absoluto-mediano/;ok
249;Na fila;Inteligência artificial;pesquisa com inteligência artificial;26/08/2025;uso de IA na escrita;"Diretrizes das principais editoras científicas sobre uso de IA na escrita: O que pode e o que não pode?

(https://blog.psicometriaonline.com.br/diretrizes-das-principais-editoras-cientificas-sobre-uso-de-ia-na-escrita)";Uso de IA na escrita: diretrizes das principais editoras científicas;https://blog.psicometriaonline.com.br/diretrizes-das-principais-editoras-cientificas-sobre-uso-de-ia-na-escrita;ok
250;Na fila;Inteligência artificial;pesquisa com inteligência artificial;27/08/2025;Inteligência Artificial já era;Inteligência Artificial já era! Entenda como isso é bom;Inteligência Artificial já era, e essa é uma boa notícia para você!;https://www.blog.psicometriaonline.com.br/inteligencia-artificial-ja-era-entenda-como-isso-e-bom/;ok
251;Na fila;Inteligência artificial;pesquisa com inteligência artificial;26/08/2025;inteligência artificial no TCC;"É proibido usar inteligência artificial no TCC?

(https://blog.psicometriaonline.com.br/e-proibido-usar-inteligencia-artificial-no-tcc)";Inteligência artificial no TCC;https://blog.psicometriaonline.com.br/e-proibido-usar-inteligencia-artificial-no-tcc;ok
252;Na fila;Inteligência artificial;pesquisa com inteligência artificial;28/08/2025;ChatGPT em trabalhos acadêmicos;É permitido usar o ChatGPT em trabalhos acadêmicos?;ChatGPT em trabalhos acadêmicos;https://blog.psicometriaonline.com.br/e-permitido-usar-o-chatgpt-em-trabalhos-academicos/;ok
253;Na fila;Inteligência artificial;pesquisa com inteligência artificial;29/08/2025;ferramentas de IA;Quais são as melhores ferramentas de IA para fazer pesquisa?;Ferramentas de IA na pesquisa científica: conheça estas dicas;https://blog.psicometriaonline.com.br/quais-sao-as-melhores-ferramentas-de-ia-para-fazer-pesquisa/;ok
254;Publicado;Análises bi e multivariadas;correlação;01/09/2025;duas correlações independentes;Como comparar dois coeficientes de correlação de Pearson para grupos independentes?;Duas correlações independentes: como compará-las?;https://www.blog.psicometriaonline.com.br/como-examinar-a-diferenca-entre-duas-correlacoes-independentes/;ok
255;Publicado;Análises bi e multivariadas;correlação;02/09/2025;duas correlações dependentes;Como comparar dois coeficientes de correlação de Pearson para grupos dependentes?;Duas correlações dependentes: como compará-las?;https://www.blog.psicometriaonline.com.br/como-examinar-a-diferenca-entre-duas-correlacoes-dependentes/;ok
256;Na fila;Inteligência artificial;pesquisa com inteligência artificial;03/09/2025;pesquisa científica e ia;Quais são os benefícios e os riscos da relação entre pesquisa científica e IA?;Pesquisa científica e IA: benefícios e riscos;https://blog.psicometriaonline.com.br/quais-sao-os-beneficios-e-os-riscos-da-relacao-entre-pesquisa-cientifica-e-ia;ok
257;Publicado;Inteligência artificial;machine learning;05/09/2025;random forest;O que é Random Forest?;Random Forest: o que é e para que serve?;https://www.blog.psicometriaonline.com.br/o-que-e-random-forest/;ok
258;Publicado;Análises bi e multivariadas;pressupostos estatísticos;09/09/2025;resíduos;O que são resíduos, em estatística?;Resíduos estatísticos: o que são e como interpretá-los?;https://www.blog.psicometriaonline.com.br/o-que-sao-residuos-em-estatistica/;ok
259;Publicado;Inteligência artificial;machine learning;10/09/2025;support vector machine;Support Vector Machine: Entenda o algoritmo SVM;Support Vector Machine na pesquisa científica;https://blog.psicometriaonline.com.br/support-vector-machine-entenda-o-algoritmo-svm;ok
260;Publicado;Instrumentos de autorrelato;teoria da medida;11/09/2025;níveis de mensuração;O que são níveis de mensuração?;Níveis de mensuração: nominal, ordinal, intervalar e de razão;https://blog.psicometriaonline.com.br/o-que-sao-niveis-de-mensuracao;ok
261;Publicado;Tutoriais;tutorial no spss, correlação;12/09/2025;coeficiente gama de Goodman-Kruskal;O que é o coeficiente gama de Goodman-Kruskal?;Coeficiente gama de Goodman-Kruskal: conheça essa medida;https://www.blog.psicometriaonline.com.br/o-que-e-o-coeficiente-gama-de-goodman-kruskal/;ok
262;Publicado;Instrumentos de autorrelato;teoria da medida;15/09/2025;restrição de amplitude;Restrição de amplitude: o que é e quais seus impactos em pesquisas científicas?;Restrição de amplitude: o que é, por que acontece e como evitá-la?;https://www.blog.psicometriaonline.com.br/restricao-de-amplitude/;ok
263;Publicado;Análises bi e multivariadas;testes não paramétricos;17/09/2025;ANOVA de Friedman;O que é a ANOVA de Friedman?;ANOVA de Friedman: o que é e quando usar?;https://www.blog.psicometriaonline.com.br/o-que-e-anova-de-friedman/;ok
264;Publicado;Inteligência artificial;processamento de linguagem natural;18/09/2025;análise de sentimentos;Análise de sentimentos via Inteligência Artificial;Análise de sentimentos via Inteligência Artificial;https://www.blog.psicometriaonline.com.br/analise-de-sentimentos-via-inteligencia-artificial/;ok
265;Publicado;Tutoriais;tutorial no spss, testes não paramétricos;19/09/2025;ANOVA de Friedman no SPSS;Como realizar a ANOVA de Friedman no SPSS?;ANOVA de Friedman no SPSS: um tutorial passo a passo;https://www.blog.psicometriaonline.com.br/como-realizar-a-anova-de-friedman-no-spss/;ok
266;Publicado;Inteligência artificial;redes neurais, deep learning;24/09/2025;redes neurais artificiais;Entenda as redes neurais artificiais;Redes neurais artificiais: uma introdução amigável;https://blog.psicometriaonline.com.br/entenda-as-redes-neurais-artificiais;ok
267;Publicado;Tutoriais;tutorial no jasp, testes não paramétricos;25/09/2025;ANOVA de Friedman no JASP;Como realizar a ANOVA de Friedman no JASP?;ANOVA de Friedman no JASP: saiba como implementar;https://blog.psicometriaonline.com.br/como-realizar-a-anova-de-friedman-no-jasp;ok
268;Publicado;Análises bi e multivariadas;pressupostos estatísticos;26/09/2025;pressupostos de esfericidade;O que é o pressuposto de esfericidade?;Pressuposto de esfericidade na ANOVA de medidas repetidas;https://www.blog.psicometriaonline.com.br/o-que-e-o-pressuposto-de-esfericidade/;ok
269;Publicado;Análises bi e multivariadas;pressupostos estatísticos;29/09/2025;independência das observações;O que é o pressuposto de independência das observações?;Título SEO: Independência das observações: entenda esse pressuposto;https://www.blog.psicometriaonline.com.br/o-que-e-o-pressuposto-de-independencia-das-observacoes/;ok
270;Publicado;Análises bi e multivariadas;teste de hipótese;30/09/2025;testes unicaudais e bicaudais;Quais são as diferenças entre os testes unicaudais e bicaudais?;Título SEO: Testes unicaudais e bicaudais: entenda as diferenças;https://www.blog.psicometriaonline.com.br/quais-sao-as-diferencas-entre-os-testes-unicaudais-e-bicaudais/;ok
271;Publicado;Metodologia científica;validade interna e externa;01/10/2025;erro sistemático e erro aleatório;Qual é a diferença entre erro sistemático e erro aleatório?;Erro sistemático e erro aleatório: quais as diferenças?;https://www.blog.psicometriaonline.com.br/erro-sistematico-e-erro-aleatorio/;ok
272;Publicado;Inteligência artificial;machine learning, pesquisa com inteligência artificial;02/10/2025;IA explicável;IA explicável: central para pesquisas acadêmicas;IA explicável nas pesquisas acadêmicas;https://www.blog.psicometriaonline.com.br/ia-explicavel-central-para-pesquisas-academicas/;ok
273;Publicado;Análises bi e multivariadas;pressupostos estatísticos;06/10/2025;média aparada;O que é e para que serve a média aparada?;Média aparada: conheça essa medida robusta de tendência central;https://www.blog.psicometriaonline.com.br/o-que-e-e-para-que-serve-a-media-aparada/;ok
274;Publicado;Análises bi e multivariadas;teste t e anova;07/10/2025;teste t de Yuen;O que é e como funciona o teste t de Yuen?;Teste t de Yuen: a versão robusta do teste t tradicional;https://www.blog.psicometriaonline.com.br/teste-t-de-yuen/;ok
275;Publicado;Inteligência artificial;processamento de linguagem natural;08/10/2025;embedding;Embedding para pesquisa sobre discurso humano;Embedding e linguagem: dados que revelam sentidos;https://www.blog.psicometriaonline.com.br/embedding-para-pesquisa-sobre-discurso-humano/;ok
276;Publicado;Análises bi e multivariadas;testes não paramétricos;09/10/2025;postos (ranks);O que são postos (ranks), em estatística?;O que são postos (ranks), em estatística?;https://blog.psicometriaonline.com.br/o-que-sao-postos-ranks;ok
277;Publicado;Análises bi e multivariadas;teste de hipótese;13/10/2025;regra empírica;O que é regra empírica, em estatística?;Regra empírica, em estatística;https://blog.psicometriaonline.com.br/o-que-e-regra-empirica;ok
278;Publicado;Metodologia científica;planejamento de pesquisa;08/12/2025;definição operacional;O que é uma definição operacional?;Definição operacional e sua importância em pesquisas científicas;https://blog.psicometriaonline.com.br/o-que-e-uma-definicao-operacional;ok
279;Publicado;Inteligência artificial;machine learning, pesquisa com inteligência artificial;15/10/2025;mineração de regras;Mineração de regras: descobrindo padrões ocultos nos seus dados;Mineração de regras na pesquisa científica;https://blog.psicometriaonline.com.br/mineracao-de-regras-descobrindo-padroes-ocultos-nos-seus-dados;ok
280;Publicado;Revisões da literatura;tipos de revisão;21/10/2025;revisão narrativa;O que é uma revisão narrativa?;Revisão narrativa: o que é esse tipo de revisão da literatura? ;https://blog.psicometriaonline.com.br/o-que-e-uma-revisao-narrativa;ok
281;Publicado;Análises bi e multivariadas;tamanho de efeito;23/10/2025;tamanho de efeito em linguagem comum;O que é o tamanho de efeito em linguagem comum (common language effect size)?;Tamanho de efeito em linguagem comum;https://blog.psicometriaonline.com.br/tamanho-de-efeito-em-linguagem-comum;ok
282;Publicado;Revisões da literatura;tipos de revisão;27/10/2025;revisão sistemática;O que é uma revisão sistemática?;Revisão sistemática: o que é esse tipo de revisão da literatura? ;https://blog.psicometriaonline.com.br/o-que-e-uma-revisao-sistematica;ok
283;Publicado;Inteligência artificial;processamento de linguagem natural;22/10/2025;modelagem de tópicos;Modelagem de tópicos: A IA sabe do que você está falando;Modelagem de tópicos e suas aplicações na pesquisa científica;https://www.blog.psicometriaonline.com.br/modelagem-de-topicos/;ok
284;Publicado;Geral;estatística bayesiana;30/10/2025;estatística bayesiana;O que é estatística bayesiana?;O que é estatística bayesiana?;https://blog.psicometriaonline.com.br/o-que-e-estatistica-bayesiana;ok
285;Publicado;Geral;estatistica bayesiana, teoria de probabilidade;28/10/2025;definição de probabilidade;As principais definições de probabilidade e por que elas importam na análise de dados;Não existe apenas uma única definição de probabilidade;https://blog.psicometriaonline.com.br/as-principais-definicoes-de-probabilidade;ok
286;Publicado;Inteligência artificial;machine learning;03/11/2025;underfitting e overfitting;Quais são as diferenças entre underfitting e overfitting?;Underfitting e overfitting: entenda as diferenças;https://blog.psicometriaonline.com.br/quais-sao-as-diferencas-entre-underfitting-e-overfitting;ok
287;Publicado;Análises bi e multivariadas;regressão;07/11/2025;modelo linear geral;O que é modelo linear geral?;Modelo linear geral: características, pressupostos e alternativas;https://www.blog.psicometriaonline.com.br/o-que-e-modelo-linear-geral;
288;Publicado;Instrumentos de autorrelato;teoria da medida;10/11/2025;inversão de itens;Tudo que você precisa saber sobre inversão de itens de instrumentos de autorrelato;Inversão de itens de questionários: quando, por que e como fazer?;https://blog.psicometriaonline.com.br/tudo-que-voce-precisa-saber-sobre-inversao-de-itens-de-instrumentos-de-autorrelato;ok
289;Publicado;Inteligência artificial;machine learning;29/10/2025;redes bayesianas;Conheça as redes bayesianas;Redes bayesianas aplicadas às pesquisas científicas;https://blog.psicometriaonline.com.br/conheca-as-redes-bayesianas;ok
290;Publicado;Tutoriais;tutorial no spss;14/11/2025;inverter itens no spss;Como inverter itens no SPSS?;Inverter itens no SPSS de maneira fácil com 3 tutoriais;https://blog.psicometriaonline.com.br/como-inverter-itens-no-spss;ok
291;Publicado;Análises bi e multivariadas;regressão, gráficos;17/11/2025;soma dos quadrados;O que significa soma dos quadrados, em estatística?;Soma dos quadrados: entenda o conceito e sua importância;https://blog.psicometriaonline.com.br/o-que-significa-soma-dos-quadrados-em-estatistica;ok
292;Publicado;Tutoriais;tutorial no spss;21/11/2025;selecionar casos no spss;Como selecionar casos no SPSS com os comandos split file e select cases?;Selecionar casos no SPSS com split file e select cases;https://www.blog.psicometriaonline.com.br/como-selecionar-casos-no-spss-com-os-comandos-dividir-arquivo-e-selecionar-casos/;ok
293;Publicado;Modelos lineares generalizados;regressão;24/11/2025;modelos lineares generalizados;O que são modelos lineares generalizados?;Modelos lineares generalizados: Uma introdução;https://blog.psicometriaonline.com.br/o-que-sao-modelos-lineares-generalizados;ok
294;Publicado;Inteligência artificial;ciência de dados, processamento de linguagem natural;05/11/2025;web scraping;Web scraping: raspando dados na internet;Web scraping: o que é, como fazer e quais os principais cuidados;https://blog.psicometriaonline.com.br/web-scraping-raspando-dados-na-internet;ok
295;Publicado;Metodologia científica;desenhos experimentais, planejamento de pesquisa;28/11/2025;efeito teto e efeito chão;Efeito teto e efeito chão: o que são e por que eles importam?;Efeito teto e efeito chão: guia rápido para entendê-los e evitá-los;https://blog.psicometriaonline.com.br/efeito-teto-e-efeito-chao;ok
296;Publicado;Metodologia científica;desenhos experimentais, planejamento de pesquisa;01/12/2025;delineamentos intrassujeitos e entressujeitos;Quais são as diferenças entre os delineamentos intrassujeitos e entressujeitos?;Delineamentos intrassujeitos e entressujeitos: uma introdução;https://blog.psicometriaonline.com.br/quais-sao-as-diferencas-entre-os-delineamentos-intrassujeitos-e-entressujeitos;ok
297;Publicado;Metodologia científica;desenhos experimentais, planejamento de pesquisa;05/12/2025;efeitos principais e efeitos de interação;O que são efeitos principais e efeitos de interação?;Efeitos principais e efeitos de interação: entenda a diferença!;https://blog.psicometriaonline.com.br/o-que-sao-efeitos-principais-e-efeitos-de-interacao;ok
298;Publicado;Metodologia científica;desenhos experimentais, planejamento de pesquisa;08/12/2025;estudo duplo-cego;O que é um estudo duplo-cego?;Estudo duplo-cego: entenda o que é e para que serve;https://blog.psicometriaonline.com.br/o-que-e-um-estudo-duplo-cego;ok
299;Publicado;Revisões da literatura;metanálise, gráficos;12/12/2025;gráfico de funil;O que é gráfico de funil na metanálise?;Gráfico de funil: examinando o viés de publicação em metanálises;https://blog.psicometriaonline.com.br/o-que-e-grafico-de-funil-na-metanalise;ok
300;Publicado;Fidedignidade e validade;fidedignidade e concordância;15/12/2025;fidedignidade das formas paralelas;O que é fidedignidade das formas paralelas?;O que é fidedignidade das formas paralelas?;https://blog.psicometriaonline.com.br/o-que-e-fidedignidade-das-formas-paralelas;ok
301;Publicado;Fidedignidade e validade;fidedignidade e concordância;19/12/2025;kr-20;O que são os coeficientes de fidedignidade KR-20 e KR-21?;KR-20 e KR-21: medidas de fidedignidade para itens dicotômicos;https://www.blog.psicometriaonline.com.br/o-que-sao-os-coeficientes-de-consistencia-interna-kr-20-e-kr-21/;ok
302;Publicado;Fidedignidade e validade;fidedignidade e concordância;16/1/2026;fórmula de Spearman-Brown;O que é e para que serve a fórmula de Spearman-Brown?;Fórmula de Spearman-Brown: guia de como aplicar e interpretar;https://www.blog.psicometriaonline.com.br/o-que-e-e-para-que-serve-a-formula-de-spearman-brown/;ok
303;Publicado;Fidedignidade e validade;fidedignidade e concordância;12/1/2026;alfa de Cronbach;O que é o alfa de Cronbach em psicometria?;Alfa de Cronbach: definição, pressupostos e interpretação;https://blog.psicometriaonline.com.br/o-que-e-o-alfa-de-cronbach-em-psicometria;ok
304;Publicado;Inteligência artificial;machine learning;12/11/2025;algoritmo k-means;O algoritmo k-means clustering;Algoritmo k-means de clusterização;https://blog.psicometriaonline.com.br/o-algoritmo-k-means-clustering;ok
305;Publicado;Inteligência artificial;machine learning;19/11/2025;graph neural networks;O que são Graph Neural Networks?;Graph Neural Networks;https://www.blog.psicometriaonline.com.br/o-que-sao-graph-neural-networks/;ok
306;Publicado;Inteligência artificial;machine learning, ciência de dados;26/11/2025;validação cruzada;Validação cruzada: sem isso, você não faz ciência de dados;Validação cruzada: o que é, como funciona e principais tipos;https://www.blog.psicometriaonline.com.br/validacao-cruzada-sem-isso-voce-nao-faz-ciencia-de-dados;ok
307;Publicado;Instrumentos de autorrelato;construção e adaptação de instrumentos;23/1/2026;análise de itens;O que é análise de itens?;Análise de itens em psicometria: O que é e qual sua utilidade?;https://blog.psicometriaonline.com.br/o-que-e-analise-de-itens;ok
308;Publicado;Inteligência artificial;machine learning;03/12/2025;regularização;Regularização: o personal trainer da Machine Learning;Regularização e controle da complexidade em modelos de ML;https://blog.psicometriaonline.com.br/regularizacao-o-personal-trainer-da-machine-learning;ok
309;Publicado;Análises bi e multivariadas;tamanho de efeito;19/1/2026;f de Cohen;O que é o f de Cohen?;f de Cohen: tamanho de efeito para análises com múltiplos grupos;https://blog.psicometriaonline.com.br/o-que-e-o-f-de-cohen;ok
310;Publicado;Análises bi e multivariadas;pressupostos estatísticos, gráficos;22/12/2025;q-q plot;O que é, para que serve e como interpretar o gráfico Q-Q (Q-Q plot)?;Gráfico Q-Q: O que é, como funciona e como interpretar o Q-Q plot;https://www.blog.psicometriaonline.com.br/grafico-q-q/;ok
311;Publicado;Inteligência artificial;machine learning;11/12/2025;Lasso e Ridge;Lasso e Ridge como formas de regularização;Lasso e Ridge como formas de regularização de modelos;https://www.blog.psicometriaonline.com.br/lasso-e-ridge-como-formas-de-regularizacao/;ok
312;Publicado;Inteligência artificial;machine learning;18/12/2025;aprendizado de máquina;Aprendizado de máquina? Entenda como as máquinas aprendem;Aprendizado de máquina: conheça essa área!;https://blog.psicometriaonline.com.br/machine-learning-entenda-como-as-maquinas-aprendem;ok
313;Publicado;Análises bi e multivariadas;gráficos;26/01/2026;gráfico de dispersão;O que é um gráfico de dispersão?;Gráfico de dispersão: o que é, para que serve como interpretar?;https://blog.psicometriaonline.com.br/o-que-e-um-grafico-de-dispersao;ok
314;Publicado;Inteligência artificial;machine learning;07/01/2026;otimização de modelos;Otimização de modelos: sua máquina mais inteligente;Otimização de modelos: por que ajustar hiperparâmetros;https://www.blog.psicometriaonline.com.br/otimizacao-de-modelos-sua-maquina-mais-inteligente/;ok
315;Publicado;Análises bi e multivariadas;pressupostos estatísticos;30/01/2026;separação completa;O que é separação completa na regressão logística?;Separação completa e quase-completa na regressão logística;https://blog.psicometriaonline.com.br/o-que-e-separacao-completa-na-regressao-logistica;ok
316;Publicado;Metodologia científica;desenhos experimentais;02/02/2026;pareamento;O que é pareamento (matching)?;Pareamento em pesquisa científica: o que é e para que serve?;https://blog.psicometriaonline.com.br/o-que-e-pareamento-matching;ok
317;Publicado;Inteligência artificial;machine learning;14/01/2026;cadeias de Markov;O que são cadeias de Markov?;Cadeias de Markov e Hidden Markov models;https://www.blog.psicometriaonline.com.br/o-que-sao-cadeias-de-markov/;ok
318;Agendado;Análises bi e multivariadas;correlação, gráficos;06/02/2026;mapa de calor de correlação;O que é um mapa de calor de correlação?;Mapa de calor de correlação e seu uso na pesquisa quantitativa;https://blog.psicometriaonline.com.br/o-que-e-um-mapa-de-calor-de-correlacao;ok
319;Agendado;Inteligência artificial;machine learning, correlação;09/02/2026;correlação de Matthews;O que é o coeficiente de correlação de Matthews?;Correlação de Matthews: métrica de desempenho em classificação;https://blog.psicometriaonline.com.br/o-que-e-o-coeficiente-de-correlacao-de-matthews;ok
320;Agendado;Análises bi e multivariadas;pressupostos estatísticos;13/02/2026;teste de esfericidade de Mauchly;Teste de esfericidade de Mauchly: o que é e para que serve?;Teste de esfericidade de Mauchly na ANOVA de medidas repetidas;https://blog.psicometriaonline.com.br/teste-de-esfericidade-de-mauchly;ok
321;Publicado;Inteligência artificial;machine learning;21/01/2026;XGBoost;XGBoost: muitas árvores (de decisão) sem paciência para erros;XGBoost: como árvores corrigem erros e dominam dados tabulares;https://blog.psicometriaonline.com.br/xgboost-muitas-arvores-de-decisao-sem-paciencia-para-erros;ok
322;Publicado;Geral;teoria de probabilidade;16/02/2026;teorema do limite central;O que é o teorema do limite central?;Teorema do limite central e sua importância na análise de dados;https://blog.psicometriaonline.com.br/o-que-e-o-teorema-do-limite-central;ok
324;Agendado;Inteligência artificial;machine learning;20/02/2026;dilema viés-variância;O que é o dilema viés-variância?;Dilema viés-variância: entenda esse conceito de machine learning;https://www.blog.psicometriaonline.com.br/o-que-e-o-dilema-vies-variancia;ok
323;Publicado;Inteligência artificial;machine learning, modelagem por equações estruturais;28/01/2026;modelagem de equações estruturais regularizada;O que é modelagem de equações estruturais regularizada?;Modelagem de equações estruturais regularizada;https://blog.psicometriaonline.com.br/o-que-e-modelagem-de-equacoes-estruturais-regularizada;ok
325;Agendado;Análises bi e multivariadas;testes não paramétricos;23/02/2026;teste de Wald-Wolfowitz;O que é o teste de Wald-Wolfowitz?;Teste de Wald-Wolfowitz: avaliando a aleatoriedade nos dados;https://blog.psicometriaonline.com.br/o-que-e-o-teste-de-wald-wolfowitz;ok
326;Agendado;Análise fatorial;análise fatorial exploratória;27/02/2026;teste de esfericidade de Bartlett;O que é o teste de esfericidade de Bartlett?;Teste de esfericidade de Bartlett: o que é e como interpretar;https://blog.psicometriaonline.com.br/o-que-e-o-teste-de-esfericidade-de-bartlett;ok
327;Agendado;Metodologia científica;metaciência, machine learning;02/03/2026;explicação e predição;Qual é a diferença entre explicação e predição?;Explicação e predição: por que essa diferença importa?;https://www.blog.psicometriaonline.com.br/diferenca-entre-explicacao-e-predicao;ok
328;Publicado;Inteligência artificial;machine learning, redução de dimensionalidade;04/02/2026;redução de dimensionalidade;Redução de dimensionalidade;Redução de dimensionalidade na pesquisa: conceitos e técnicas;https://www.blog.psicometriaonline.com.br/reducao-de-dimensionalidade/;ok
329;Agendado;Fidedignidade e validade;fontes de validade;06/03/2026;matriz multitraço-multimétodo;O que é uma matriz multitraço-multimétodo?;A matriz multitraço-multimétodo e a avaliação da validade;https://blog.psicometriaonline.com.br/o-que-e-uma-matriz-multitraco-multimetodo;ok
330;Agendado;Instrumentos de autorrelato;vieses de resposta;09/03/2026;desejabilidade social;O que é desejabilidade social?;Desejabilidade social: o que é e como afeta pesquisas;https://blog.psicometria.com.br/o-que-e-desejabilidade-social;ok
331;Publicado;Inteligência artificial;machine learning;11/02/2026;parâmetros e hiperparâmetros;Qual a diferença entre parâmetros e hiperparâmetros?;Parâmetros e hiperparâmetros: qual a diferença?;https://www.blog.psicometriaonline.com.br/qual-a-diferenca-entre-parametros-e-hiperparametros/;ok
332;Agendado;Geral;disciplinas;13/03/2026;psicometria e bioestatística;Psicometria e bioestatística: semelhanças e diferenças;Psicometria e bioestatística: qual a diferença?;https://blog.psicometriaonline.com.br/psicometria-e-bioestatistica-semelhancas-e-diferencas;ok
333;Agendado;Softwares;ferramentas da academy;;Classificador de Análise de Dados;O Classificador de Análise de Dados da Psicometria Online Academy 2.0;Classificador de Análise de Dados: escolha a análise certa;https://blog.psicometriaonline.com.br/classificador-de-analise-de-dados;
334;Agendado;Softwares;ferramentas da academy;;Glossário de Termos;O Glossário de Termos da Psicometria Online Academy 2.0;Glossário de Termos da Academy 2.0;https://blog.psicometriaonline.com.br/glossario-de-termos;
335;Agendado;Geral;ferramentas da academy, dicas de materiais;;Livros Metodológicos;A Seção de Livros Metodológicos da Psicometria Online Academy 2.0;Livros Metodológicos: a lista da Academy 2.0;https://blog.psicometriaonline.com.br/livros-metodologicos;
336;Publicado;Inteligência artificial;machine learning;18/02/2026;modelo bem ajustado;Nem simples demais (underfitting), nem complicado demais (overfitting): o caminho para um modelo bem ajustado;O modelo bem ajustado: entre o underfitting e o overfitting;https://blog.psicometriaonline.com.br/o-caminho-para-um-modelo-bem-ajustado;ok
337;Agendado;Softwares;ferramentas da academy;;Biblioteca Eletrônica;A Biblioteca Eletrônica da Psicometria Online Academy 2.0;Biblioteca Eletrônica: conheça o acervo metodológico da Academy;https://blog.psicometriaonline.com.br/biblioteca-eletronica;
338;Agendado;Softwares;ferramentas da academy;;Calculadora de Tamanho de Efeito;A Calculadora de Tamanho de Efeito da Psicometria Online Academy 2.0;Calculadora de Tamanho de Efeito: a nova ferramenta da Academy;https://blog.psicometriaonline.com.br/calculadora-de-tamanho-de-efeito;
339;Agendado;Metodologia científica;tamanho de efeito, desenhos experimentais;;;;;;
340;Publicado;Inteligência artificial;machine learning;25/02/2026;AFE;AFE não é horóscopo: o fim do “olhômetro” na Análise Fatorial;AFE: como decidir o número de fatores com Machine Learning;https://www.blog.psicometriaonline.com.br/afe-nao-e-horoscopo-o-fim-do-olhometro-na-analise-fatorial/;
